customer_id,customer_name,age,monthly_income,avg_monthly_balance,transaction_frequency,avg_transaction_amount,account_type,credit_score,has_credit_card,has_personal_loan
CUST_1001,Allison Hill,63,10541.42,75579.23,12,1064.31,Checking,693,True,True
CUST_1002,Noah Rhodes,49,11628.8,89641.0,19,472.84,Checking,833,False,False
CUST_1003,Angie Henderson,42,7423.02,56038.31,13,724.83,Savings,761,False,False
CUST_1004,Daniel Wagner,55,7249.05,56850.72,8,1428.12,Savings,629,False,False
CUST_1005,Cristian Santos,53,11087.38,70631.12,8,1435.74,Checking,815,True,False
CUST_1006,Connie Lawrence,57,10618.72,80731.06,8,1327.64,Premium,850,True,True
CUST_1007,Abigail Shaffer,45,10521.86,91218.15,14,909.91,Premium,849,True,True
CUST_1008,Gina Moore,45,10721.77,114507.12,10,1185.69,Checking,746,False,False
CUST_1009,Gabrielle Davis,58,8583.28,102153.19,11,1198.92,Savings,689,True,False
CUST_1010,Ryan Munoz,58,10483.86,81801.23,11,852.49,Checking,742,True,False
CUST_1011,Monica Herrera,37,10610.57,84619.68,12,1651.02,Savings,754,True,True
CUST_1012,Jamie Arnold,56,8511.77,64949.41,15,1463.21,Savings,786,True,False
CUST_1013,Lisa Hensley,36,13887.03,84629.74,11,1133.71,Checking,632,True,True
CUST_1014,Michele Williams,58,10987.15,79226.83,17,1208.07,Premium,670,True,False
CUST_1015,Dylan Miller,64,7518.12,91454.37,13,1262.51,Savings,712,False,True
CUST_1016,Brian Ramirez,36,11367.82,68455.38,13,587.48,Checking,728,False,True
CUST_1017,Holly Wood,55,7969.41,95386.93,8,1125.85,Savings,752,True,False
CUST_1018,Derek Zuniga,67,11639.76,115654.78,9,995.4,Savings,702,True,False
CUST_1019,Lisa Jackson,46,12413.74,82824.8,10,899.51,Savings,752,True,False
CUST_1020,Carla Gray,56,8290.25,93034.23,7,1115.67,Savings,723,True,True
CUST_1021,Margaret Hawkins DDS,59,12007.03,98802.88,15,1739.31,Checking,689,True,True
CUST_1022,Patty Perez,61,10859.96,76975.59,9,1392.25,Checking,597,True,False
CUST_1023,Ethan Adams,62,11712.63,89481.85,14,1028.65,Savings,664,True,True
CUST_1024,Tommy Walter,50,13951.65,85251.85,14,1371.77,Checking,733,True,False
CUST_1025,Matthew Foster,49,9488.77,86953.52,9,1619.81,Checking,737,True,False
CUST_1026,Judy Baker,37,8429.72,69539.8,13,1477.39,Checking,636,False,False
CUST_1027,Justin Baker,41,8146.84,85490.2,8,1217.89,Savings,660,False,False
CUST_1028,Stephanie Ross,55,8300.4,94959.97,12,1005.92,Checking,694,True,False
CUST_1029,Zachary Hicks,43,9839.37,114022.87,18,1409.47,Savings,711,True,False
CUST_1030,Anthony Rodriguez,52,10710.73,104185.42,14,1318.05,Savings,711,False,True
CUST_1031,Rebecca Henderson,38,10576.44,128063.65,13,1468.56,Premium,581,False,True
CUST_1032,James Ferrell,59,11723.3,69653.05,11,1390.55,Checking,701,True,True
CUST_1033,Tricia Valencia,48,10027.09,102446.41,11,1514.87,Savings,787,True,False
CUST_1034,Nathan Maldonado,43,13028.2,88666.84,17,1039.43,Savings,761,True,False
CUST_1035,Debra Davidson,60,9448.63,128796.06,13,1595.22,Savings,666,True,False
CUST_1036,Jeffrey Chavez,36,15667.02,68834.03,5,1259.28,Checking,689,True,True
CUST_1037,Sherri Baker,54,11303.47,68205.56,15,1822.58,Savings,621,True,False
CUST_1038,Cassandra Gaines,62,8214.26,73012.15,10,993.24,Premium,687,False,False
CUST_1039,Elizabeth Fowler,41,7768.97,42522.09,12,1720.79,Savings,631,False,False
CUST_1040,Brittany Farmer,42,11005.15,74484.9,10,1259.37,Checking,603,False,False
CUST_1041,Paula Moreno,69,9534.45,69817.35,15,1004.57,Checking,629,False,True
CUST_1042,Fred Smith,48,11487.5,88007.88,9,1054.83,Savings,686,True,False
CUST_1043,Sherry Decker,51,10985.91,91835.12,8,1103.9,Savings,721,True,True
CUST_1044,Anthony Humphrey,38,9848.27,122523.42,12,1327.25,Savings,773,False,False
CUST_1045,Angelica Tucker,36,8235.85,104008.48,18,1356.85,Checking,647,True,False
CUST_1046,Philip Cannon,40,6844.07,73461.93,13,1027.89,Checking,709,False,False
CUST_1047,John Pierce,38,9069.76,67031.71,8,1192.69,Savings,602,True,True
CUST_1048,Shane Henderson,63,11784.16,94838.38,12,1842.68,Savings,615,True,True
CUST_1049,Joshua Blair,52,10446.03,58595.34,9,1718.26,Savings,621,False,True
CUST_1050,Eric Carney,60,7404.71,121629.18,9,1330.9,Savings,771,True,True
CUST_1051,Jessica Holmes,68,10360.79,108588.8,13,1211.4,Checking,715,True,False
CUST_1052,Danny Morgan,44,10802.74,75616.49,15,1236.01,Savings,768,True,True
CUST_1053,Crystal Robinson,48,8158.63,50737.31,12,1384.06,Savings,839,False,True
CUST_1054,Mark Perez,65,10320.26,112077.45,11,893.16,Checking,598,True,False
CUST_1055,Shannon Jones,49,10121.27,82709.2,8,1122.79,Savings,644,True,False
CUST_1056,Michael Lewis,42,7618.81,109756.33,11,699.42,Savings,691,True,False
CUST_1057,Timothy Duncan,48,10745.39,53111.45,13,1319.77,Checking,607,False,False
CUST_1058,Richard Aguirre,57,11168.3,73012.5,14,1394.16,Savings,705,True,False
CUST_1059,Brent Jordan,55,12256.36,85104.87,9,1055.04,Savings,682,True,False
CUST_1060,John Daniel,50,12195.42,85939.61,15,1672.2,Savings,787,True,True
CUST_1061,Victoria Garcia,52,7129.86,75998.69,14,832.27,Savings,757,True,True
CUST_1062,Gerald Hensley,58,8046.2,97457.0,7,760.69,Savings,642,True,False
CUST_1063,Connor West,60,11072.99,63647.59,16,1267.34,Savings,749,False,False
CUST_1064,Donald Wright,59,11070.39,82152.41,14,1514.13,Savings,683,False,False
CUST_1065,Jessica Callahan,63,11073.02,87405.91,10,1705.18,Checking,636,True,False
CUST_1066,Amber Kidd,49,18026.52,95288.78,9,1062.33,Checking,659,True,False
CUST_1067,Tracy House,35,11189.36,99232.3,8,1523.6,Savings,755,True,False
CUST_1068,Carol Tucker,59,12365.76,62507.16,11,1188.45,Savings,726,True,False
CUST_1069,James Brown,41,11987.5,54317.72,16,1148.21,Premium,719,True,False
CUST_1070,William Baker,43,11357.07,110553.54,9,1465.1,Checking,671,False,False
CUST_1071,Jordan Henderson,58,9343.19,91646.28,13,1395.7,Savings,663,True,False
CUST_1072,Whitney Peters,35,11581.19,70030.27,13,727.08,Savings,686,True,True
CUST_1073,Brittney Phillips,42,8389.95,116023.04,12,1642.96,Savings,647,False,False
CUST_1074,Lauren Daniels,58,9506.63,87313.49,15,1614.03,Savings,735,False,False
CUST_1075,Amy Silva,45,8988.83,108585.94,17,1012.33,Checking,654,True,False
CUST_1076,Sarah Moore,51,10170.57,86350.37,11,1318.74,Savings,748,True,False
CUST_1077,Angela Lopez,42,14822.21,126214.96,9,1348.21,Checking,795,False,False
CUST_1078,Megan Young,69,6250.0,120106.82,13,1278.2,Savings,696,True,False
CUST_1079,Steve Sanchez,69,11429.71,80020.72,8,1034.91,Savings,657,True,False
CUST_1080,Lisa Barnes,67,6640.18,104431.42,7,998.51,Savings,669,False,False
CUST_1081,Kelly Donovan,39,9016.81,97907.52,9,1192.33,Savings,717,True,False
CUST_1082,Mike Allen,62,12268.65,112372.63,9,1551.82,Savings,756,False,True
CUST_1083,Michael Evans,41,10133.92,65701.53,17,1363.08,Checking,834,True,False
CUST_1084,Paul Jones,43,7754.7,98721.03,13,1088.82,Checking,662,True,False
CUST_1085,Zachary Ferrell,42,8509.78,106168.49,11,1431.51,Savings,709,False,False
CUST_1086,Daniel Baker,46,11415.83,49825.21,12,345.44,Savings,768,True,False
CUST_1087,Shirley Suarez,68,8478.4,61334.83,8,1544.63,Checking,718,False,False
CUST_1088,Christopher Bass,67,10450.96,44215.36,6,678.09,Checking,617,True,True
CUST_1089,Lisa Archer,57,10094.94,79611.86,9,1091.27,Checking,693,False,False
CUST_1090,Aimee Montoya,58,8642.5,99350.85,10,864.1,Premium,680,False,False
CUST_1091,Matthew Mcmillan,69,14466.55,115047.14,14,811.6,Savings,684,True,False
CUST_1092,Brian Rodriguez,56,11320.66,86481.9,13,1548.25,Savings,818,False,True
CUST_1093,Denise Jacobs,61,6250.0,117572.31,15,1059.69,Savings,768,True,False
CUST_1094,Christina Walters,69,10388.45,57397.97,13,1303.95,Savings,747,True,False
CUST_1095,John Whitehead,35,8621.28,50932.35,12,1185.92,Checking,709,True,False
CUST_1096,Anna Henderson,69,11775.9,83889.05,10,1343.11,Checking,689,True,False
CUST_1097,Aaron Wise,48,8348.92,92681.31,7,1223.05,Checking,764,True,False
CUST_1098,Deborah Figueroa,37,9760.97,84346.11,14,815.1,Checking,740,True,False
CUST_1099,Jessica Smith,35,11052.06,43651.16,14,1498.88,Savings,687,True,False
CUST_1100,Stephen Mckee,39,11803.66,83217.6,9,1051.87,Checking,682,False,False
CUST_1101,Sandra Aguilar,60,7499.38,58910.61,15,733.03,Savings,835,False,False
CUST_1102,Cameron Parker,48,9303.12,98393.45,9,1071.57,Premium,626,True,True
CUST_1103,Rebecca Valencia,61,9010.53,92331.96,10,1650.23,Savings,785,False,False
CUST_1104,Christine Wright,43,8638.9,66202.4,18,1455.07,Savings,730,False,False
CUST_1105,Richard Henson,49,13678.03,74722.66,20,1095.4,Savings,812,False,False
CUST_1106,Marc Moore,49,10843.71,63815.73,8,1095.22,Savings,707,False,False
CUST_1107,Sharon Cherry,60,7373.16,83746.42,15,1103.51,Savings,768,True,True
CUST_1108,Sierra Johnson,47,11912.21,104102.85,9,1823.02,Checking,654,True,False
CUST_1109,Evelyn Galvan,66,14421.16,65285.48,19,1314.58,Savings,632,True,True
CUST_1110,Sharon Cochran,66,12150.97,95080.93,8,1329.01,Premium,765,False,True
CUST_1111,Richard Rodriguez,38,6834.65,74394.85,18,1509.09,Checking,731,True,False
CUST_1112,Shannon Walker,64,8991.18,69142.54,14,1271.64,Savings,714,True,False
CUST_1113,Julia Torres,57,12639.4,82859.39,19,1122.29,Checking,670,False,False
CUST_1114,Crystal Johnson,49,8525.69,64295.15,10,1141.1,Savings,688,False,True
CUST_1115,Garrett Lin,63,10924.62,73927.01,9,1178.52,Savings,696,True,False
CUST_1116,Diana May,47,11613.82,61042.44,6,1188.83,Checking,742,True,False
CUST_1117,William Herrera,66,8068.89,124294.5,10,1418.29,Checking,744,True,False
CUST_1118,Ashley Waller,41,9875.99,85705.27,5,1215.58,Checking,658,False,True
CUST_1119,Victor Baker,56,6250.0,71005.49,12,1419.79,Savings,570,True,True
CUST_1120,Jeffrey Chandler,62,7865.86,89279.6,10,1175.79,Checking,688,True,True
CUST_1121,Larry Dixon,36,9473.82,82753.44,17,1223.59,Checking,706,True,False
CUST_1122,Kenneth Scott,40,7400.45,80580.61,9,600.54,Savings,794,True,False
CUST_1123,April Frost,62,13400.86,97283.33,17,1474.9,Savings,683,False,False
CUST_1124,Michelle Harmon,62,7020.54,100150.15,17,1303.95,Savings,674,False,False
CUST_1125,Helen Jones,54,9083.24,74389.98,15,1499.4,Savings,678,True,False
CUST_1126,Erin Edwards,64,10272.38,73483.64,12,331.12,Savings,635,True,True
CUST_1127,Michelle Evans,45,13002.65,79498.97,15,1826.51,Savings,749,True,False
CUST_1128,Jason Powell,62,7008.62,40000.0,11,1158.12,Savings,701,True,True
CUST_1129,Cameron Fisher,59,12423.26,54696.18,9,1532.45,Savings,690,False,True
CUST_1130,Megan Orr,67,10021.32,112337.49,10,888.03,Checking,689,True,False
CUST_1131,Elizabeth Kelley,35,7955.19,117899.35,10,1383.83,Checking,641,False,False
CUST_1132,Dustin Jordan,61,10962.72,80019.28,4,883.98,Savings,647,True,False
CUST_1133,Mary Marshall,47,10414.71,96531.14,11,1012.87,Savings,586,True,False
CUST_1134,Daniel Kennedy,37,8749.55,91225.0,15,1774.21,Checking,755,True,False
CUST_1135,Rebecca Jackson,40,10145.42,146577.62,11,1142.8,Checking,658,True,False
CUST_1136,Jose Schultz,42,9197.26,107391.5,19,1265.23,Checking,721,True,True
CUST_1137,Robert Potter,61,10236.49,82441.65,13,1461.02,Checking,605,False,True
CUST_1138,Courtney Gonzalez,43,11379.44,65889.19,19,1348.7,Checking,654,False,False
CUST_1139,David Alvarez,67,13304.2,52871.07,13,1245.13,Premium,633,False,False
CUST_1140,Angel Perry,58,7421.22,89069.27,9,1309.49,Premium,817,True,False
CUST_1141,Cheyenne Horton,49,14443.82,69872.99,9,1921.02,Savings,744,True,False
CUST_1142,David Douglas Jr.,66,6250.0,56554.93,15,1182.71,Savings,668,False,False
CUST_1143,Patricia Rodriguez,66,9683.78,72068.54,11,1260.33,Checking,647,True,True
CUST_1144,Christopher Rubio,58,11225.66,63369.04,14,1515.2,Checking,787,True,False
CUST_1145,Amber Wright,46,10585.4,118742.83,16,1531.66,Checking,598,True,False
CUST_1146,Joyce Solis,36,8702.71,102632.8,9,1556.11,Premium,625,False,False
CUST_1147,Victoria Larson,37,9566.41,84840.55,13,1391.62,Checking,698,True,True
CUST_1148,Stephanie Salazar,51,8972.91,114598.88,9,857.1,Checking,780,False,False
CUST_1149,Kathy Rivas,36,8772.16,86547.37,14,1690.03,Savings,744,False,False
CUST_1150,Stephanie Manning,36,11770.0,67774.32,6,856.1,Checking,670,True,False
CUST_1151,David Wright,62,10743.78,115462.48,11,1290.79,Checking,762,True,True
CUST_1152,Pamela Boyd,57,8556.44,95778.2,14,973.72,Savings,649,True,False
CUST_1153,Denise Jones,66,11874.17,64255.08,6,1180.76,Savings,550,True,True
CUST_1154,Devon Flores,67,10640.21,81193.23,14,1298.63,Checking,781,True,False
CUST_1155,Brenda Hall,35,11693.46,67487.63,16,1296.41,Checking,746,True,True
CUST_1156,Michelle Brown,53,11311.73,57344.01,12,1326.58,Checking,735,True,False
CUST_1157,Joshua Perry,36,8272.93,103523.55,16,1684.11,Savings,701,False,False
CUST_1158,Jason Stein,60,8832.96,123188.33,14,1336.06,Savings,717,False,False
CUST_1159,Melissa Gates,66,11556.86,57028.65,15,1126.75,Checking,795,True,False
CUST_1160,Jamie Smith,40,11271.6,96259.38,14,1489.23,Savings,689,True,False
CUST_1161,Paul Castaneda,66,9956.46,71987.15,13,1556.84,Checking,632,True,False
CUST_1162,Jennifer Adkins,38,10244.43,75257.49,17,831.72,Checking,723,False,True
CUST_1163,Lindsey Walker,45,12661.8,73152.12,16,1379.22,Savings,772,True,False
CUST_1164,Jeffrey Johnson,51,8767.56,67720.18,10,1410.35,Checking,737,True,False
CUST_1165,Michael Powell,58,11139.79,85970.43,8,1110.73,Savings,670,True,False
CUST_1166,John Anderson,39,9578.77,68381.0,16,1612.71,Savings,712,True,False
CUST_1167,Alyssa Long,68,9546.5,90409.14,13,1154.98,Checking,691,False,False
CUST_1168,Alyssa Day,40,12289.12,83995.24,13,1237.67,Savings,802,True,False
CUST_1169,Joel Williams,56,11719.62,80221.04,15,1148.08,Savings,740,True,True
CUST_1170,Daniel Murphy,45,11694.81,66848.73,15,1204.67,Savings,803,True,False
CUST_1171,Jamie Walton,50,12719.75,73464.57,21,871.12,Checking,739,False,False
CUST_1172,Darlene Miller,67,10043.76,100107.82,14,767.98,Savings,650,False,False
CUST_1173,Joshua Cooke,43,11420.74,95018.34,10,1678.35,Checking,722,True,False
CUST_1174,Matthew Harrington,40,9353.61,65448.9,10,945.91,Checking,662,False,False
CUST_1175,Nicole Herring,50,10675.35,86986.65,15,902.58,Checking,777,False,False
CUST_1176,Alex Hernandez,63,9728.87,100027.74,15,553.98,Premium,700,True,False
CUST_1177,Michael Elliott,37,10202.07,51611.89,12,1008.31,Savings,713,True,False
CUST_1178,Michael Wang,54,11239.91,95867.2,14,803.07,Premium,612,True,False
CUST_1179,Lawrence Adkins,53,8295.37,71747.52,11,1692.6,Savings,800,True,False
CUST_1180,Robert Oconnell,60,14359.14,96411.97,8,1502.95,Savings,734,True,True
CUST_1181,Alexander Collins,37,7904.13,69734.82,14,993.55,Savings,667,False,False
CUST_1182,Tina Sanders,53,7470.44,48902.36,6,1875.73,Savings,688,True,False
CUST_1183,Angela Vaughn,54,12412.73,52449.15,14,1494.53,Savings,691,True,False
CUST_1184,Ashley Barton,66,11649.3,85961.7,20,1102.55,Savings,614,True,True
CUST_1185,Lindsay Martinez,41,11300.25,90194.45,11,450.18,Checking,635,False,False
CUST_1186,Dr. Hannah Patterson,67,11309.05,66913.67,11,1887.28,Checking,690,True,False
CUST_1187,Jonathan Peterson,52,9974.49,97771.85,17,783.13,Checking,730,True,False
CUST_1188,Samantha Garcia,35,8130.72,51769.6,9,706.38,Savings,668,True,False
CUST_1189,Madison Poole,45,10157.93,83678.4,14,1506.77,Premium,723,False,False
CUST_1190,Jessica Gross,62,8589.25,60779.68,16,1931.93,Checking,704,False,False
CUST_1191,Debra Morton,59,12031.5,71963.28,22,1615.28,Savings,597,True,True
CUST_1192,Karen Graham,57,9693.63,85947.97,15,1369.17,Savings,721,True,True
CUST_1193,Debra Christian,65,8280.21,67791.73,7,1378.43,Checking,680,False,False
CUST_1194,Angelica Keith,64,9330.45,77308.89,18,1456.02,Premium,724,True,True
CUST_1195,John Bishop,69,10860.27,105125.86,15,1427.68,Premium,719,False,True
CUST_1196,Allen Rosales,41,8825.57,73462.16,7,1284.36,Checking,728,True,True
CUST_1197,Daniel Salinas,50,8287.04,101713.84,14,1231.26,Checking,704,False,True
CUST_1198,Spencer Haynes,60,10507.68,62405.86,8,1181.22,Premium,643,False,False
CUST_1199,Adam Vaughan,36,10510.35,95596.08,9,973.81,Savings,666,True,False
CUST_1200,Nathan Freeman,35,8943.87,113831.37,10,1115.8,Premium,603,True,False
CUST_1201,Melissa Brewer,25,3390.76,11325.97,40,115.04,Savings,756,True,True
CUST_1202,Ricky Davis II,48,3391.33,12797.95,40,161.3,Checking,720,False,False
CUST_1203,Elizabeth Perkins,50,3246.77,9366.91,42,125.1,Savings,705,False,False
CUST_1204,Joseph Coleman,49,2162.68,10424.97,33,181.96,Savings,757,True,False
CUST_1205,Erin Warner,29,3983.08,13590.81,30,87.0,Checking,707,False,False
CUST_1206,David Martinez,37,5475.94,12631.0,43,149.73,Checking,686,False,True
CUST_1207,Bryan Herrera,51,4800.73,11258.65,39,133.58,Checking,722,True,True
CUST_1208,Cathy Robinson,39,4371.77,5035.72,34,208.39,Checking,797,True,False
CUST_1209,Dr. William Warren,23,4744.66,11985.97,29,139.47,Checking,772,False,False
CUST_1210,Brian Lee,34,3972.11,8119.98,31,93.2,Checking,745,False,False
CUST_1211,Christopher Smith,25,2148.48,15932.33,35,169.91,Savings,725,True,False
CUST_1212,Denise Mccann,47,5562.98,10765.12,33,195.99,Checking,667,True,False
CUST_1213,Melissa Martinez,46,5922.24,8015.07,38,166.44,Checking,687,False,False
CUST_1214,Katherine Salas,51,3673.14,11753.83,31,149.43,Checking,732,True,False
CUST_1215,Julie Alexander,32,4394.79,17082.8,29,146.42,Premium,702,True,False
CUST_1216,Anthony Everett,28,4287.08,14523.26,42,185.65,Savings,765,True,False
CUST_1217,Rodney Morales,52,5022.44,12879.67,24,135.53,Checking,722,True,False
CUST_1218,Mark Brown,31,6695.7,6695.62,37,163.58,Savings,680,True,False
CUST_1219,Justin Torres,34,6033.07,18486.4,33,217.52,Checking,698,True,False
CUST_1220,Bailey Duran DDS,52,4112.19,9513.49,21,114.93,Checking,619,True,False
CUST_1221,Courtney Mills,28,5261.41,15735.14,46,177.82,Checking,709,False,False
CUST_1222,Jeremy Dalton,41,6151.28,10698.55,33,90.55,Checking,709,True,False
CUST_1223,Elizabeth Oliver DDS,25,5093.76,15350.03,26,191.4,Checking,652,False,False
CUST_1224,Theresa Clark,28,4577.46,17227.5,22,131.06,Savings,818,True,False
CUST_1225,Matthew Moore,22,5140.83,14592.55,34,230.98,Checking,753,False,False
CUST_1226,Benjamin Smith,34,3704.24,15023.42,35,106.15,Premium,631,False,True
CUST_1227,Kirk Carter,43,3886.73,11606.24,38,202.1,Savings,710,False,True
CUST_1228,Michael Warner,42,3253.29,10264.14,39,241.06,Checking,629,True,False
CUST_1229,Michael Bradshaw,43,4967.16,12553.19,38,128.47,Savings,777,True,True
CUST_1230,Lori Guerrero,49,4419.08,10640.34,33,136.91,Savings,781,True,False
CUST_1231,Jessica Stephens,30,3554.44,21868.81,30,132.79,Checking,844,True,False
CUST_1232,Susan Serrano,47,4378.11,8030.57,34,155.71,Savings,655,True,False
CUST_1233,Christopher Parker,30,5170.83,16008.34,42,205.87,Checking,585,True,False
CUST_1234,Laura Roberts,36,6976.72,14068.79,40,151.62,Savings,604,True,False
CUST_1235,Michael Lyons,31,5848.42,12919.49,33,123.95,Savings,600,True,False
CUST_1236,Kathryn Snyder,45,2083.33,17919.54,33,79.06,Savings,781,True,False
CUST_1237,Andrew Reynolds,29,4882.47,13193.51,29,260.1,Savings,682,True,False
CUST_1238,David Davis,45,6369.99,9460.37,42,264.02,Checking,704,False,True
CUST_1239,Sara Johnston,37,2910.99,13166.92,39,208.01,Savings,709,True,True
CUST_1240,Yvonne Chambers,47,5272.78,11267.29,36,139.48,Savings,642,True,False
CUST_1241,Andrew Avila,48,4287.53,14013.14,27,217.39,Checking,680,True,False
CUST_1242,Matthew Moon,25,6021.2,15252.29,34,227.44,Checking,737,True,True
CUST_1243,Kevin Walters,45,5088.65,8563.65,34,167.29,Savings,691,False,False
CUST_1244,Brandon Bailey MD,40,3478.31,16781.34,36,182.07,Savings,631,True,False
CUST_1245,Shannon Rivera,31,4332.27,10980.4,40,241.59,Premium,662,True,False
CUST_1246,Donna Landry,46,4406.21,13774.46,35,97.98,Checking,850,True,True
CUST_1247,Krista Gibson,39,4429.36,14468.12,34,229.92,Savings,811,True,True
CUST_1248,Frank Cordova,40,5982.41,13469.55,38,164.54,Checking,711,False,False
CUST_1249,Jose Travis,31,3530.06,11563.57,41,124.37,Checking,766,False,False
CUST_1250,Kimberly Gutierrez,54,5837.15,10045.61,40,128.48,Checking,699,False,False
CUST_1251,Isaiah Avila,26,4205.52,10924.02,28,136.76,Savings,662,True,False
CUST_1252,Olivia Harris,54,4862.72,18260.69,34,119.5,Checking,752,True,True
CUST_1253,Tanya Kim,42,4673.81,8536.53,33,268.57,Savings,660,False,False
CUST_1254,Barbara Dudley,38,4556.08,9123.03,41,204.56,Savings,676,True,False
CUST_1255,Cynthia Moore,43,4566.33,8947.4,42,233.22,Savings,811,True,False
CUST_1256,Kristen Davis,36,6405.03,12543.02,34,208.12,Savings,802,True,False
CUST_1257,Susan Murray MD,49,5636.4,5901.18,35,183.06,Savings,723,True,False
CUST_1258,Kathleen Moran,28,4129.94,6585.76,34,183.74,Savings,659,False,False
CUST_1259,Denise Davenport,53,6561.82,10956.18,26,160.12,Savings,645,True,True
CUST_1260,Mrs. Kristen Reyes,32,4926.68,6848.9,41,164.21,Checking,671,True,False
CUST_1261,Katie Suarez,31,5030.36,7174.91,41,109.59,Savings,744,True,False
CUST_1262,Desiree Tyler,30,3536.68,6878.93,36,234.09,Savings,745,True,False
CUST_1263,Timothy Romero,35,3961.46,8613.55,32,89.34,Checking,745,True,False
CUST_1264,Diane Evans,34,3722.7,14924.99,33,127.07,Savings,702,False,False
CUST_1265,Yvonne Burns,46,4690.92,15822.83,25,280.6,Savings,684,False,False
CUST_1266,Joshua Reed,23,5381.81,19676.0,45,186.81,Savings,758,True,False
CUST_1267,Kimberly Gibson,28,5042.37,19529.45,31,188.89,Savings,752,True,True
CUST_1268,Colin Terry,42,6568.39,15145.25,35,211.87,Checking,728,True,False
CUST_1269,Cynthia Rowe,39,3473.64,16110.71,47,102.98,Savings,645,True,False
CUST_1270,Patrick Thornton,24,4726.92,12524.41,33,110.31,Savings,711,True,False
CUST_1271,Jasmin Alvarado,32,2979.66,14079.46,24,157.76,Checking,692,False,True
CUST_1272,Veronica Simpson,45,3430.99,19774.41,39,134.83,Savings,779,True,False
CUST_1273,Jonathan Lawrence,40,6164.06,13484.85,27,176.25,Checking,787,False,False
CUST_1274,Shelly Alexander,25,4004.38,16612.95,36,204.28,Savings,632,True,False
CUST_1275,Joyce Bowen,47,3579.13,8262.59,33,249.46,Savings,770,True,False
CUST_1276,Matthew Moore,53,2083.33,9335.05,37,220.55,Savings,630,True,False
CUST_1277,Wayne Morgan,54,3566.64,13248.28,34,130.29,Checking,751,True,False
CUST_1278,Marie Christian,24,4326.73,12599.73,35,161.25,Checking,711,False,True
CUST_1279,Shannon James,30,2886.58,9520.26,34,147.65,Checking,684,False,True
CUST_1280,Nathan Malone,29,4254.85,21629.51,35,129.17,Checking,745,False,False
CUST_1281,Amanda Jones,54,6171.62,12690.38,42,117.79,Savings,681,False,False
CUST_1282,Tammie Bright,27,3699.2,10229.1,43,263.22,Savings,708,True,True
CUST_1283,Jessica Garcia,25,3404.1,12606.48,45,180.53,Checking,716,False,False
CUST_1284,Shelia Wallace,34,3178.46,12101.71,55,168.79,Checking,850,True,False
CUST_1285,Stephanie Williams,23,3156.13,12751.21,36,204.21,Savings,826,True,False
CUST_1286,Elaine Brooks,26,5252.81,5625.13,41,206.69,Savings,761,False,True
CUST_1287,Joseph Knight,48,4644.17,17167.79,29,235.94,Premium,642,True,False
CUST_1288,Carolyn Miller,53,5779.4,17395.32,36,142.82,Savings,620,True,False
CUST_1289,Lisa Allen,42,7108.13,17881.28,48,200.14,Checking,776,False,False
CUST_1290,Briana Murray,29,2295.34,13301.73,38,134.44,Savings,766,True,False
CUST_1291,David Smith,29,5058.43,14649.92,28,170.49,Premium,693,True,False
CUST_1292,Stephanie Byrd,24,3185.06,8535.09,34,182.84,Checking,709,True,False
CUST_1293,Jeremy Reed,24,5569.46,15331.6,45,187.72,Savings,713,False,False
CUST_1294,Margaret Coleman,43,4243.44,13007.15,36,185.52,Checking,714,True,False
CUST_1295,Ryan Gonzalez,27,4617.49,10158.37,37,220.09,Checking,736,True,True
CUST_1296,John Young,23,2979.36,15458.98,39,150.15,Savings,729,True,False
CUST_1297,Laura Haney,44,4050.3,15613.8,37,189.08,Savings,768,True,False
CUST_1298,William Barrett,23,4695.41,12242.44,24,142.05,Checking,850,True,False
CUST_1299,Keith Jennings,38,6278.43,13753.53,45,326.04,Checking,706,True,True
CUST_1300,Amber Obrien,44,3590.13,7873.13,30,134.36,Checking,725,True,False
CUST_1301,Tanner Mitchell DDS,51,3894.97,16972.73,37,144.97,Savings,695,True,False
CUST_1302,Heather Fields,29,5763.7,8404.75,33,224.13,Savings,761,False,False
CUST_1303,Megan Le,43,3509.16,9178.3,43,158.53,Savings,731,False,True
CUST_1304,Sara Fuller,26,6011.31,12249.26,29,224.15,Checking,737,True,False
CUST_1305,Maria Parker,34,4571.98,16458.07,38,187.65,Savings,595,True,False
CUST_1306,Kevin Oconnor,50,4962.24,16455.79,40,159.84,Checking,756,True,False
CUST_1307,Edward Burgess,52,5042.74,11980.7,32,142.36,Savings,550,True,False
CUST_1308,Carlos Ryan,37,3813.06,15092.05,33,140.56,Checking,775,True,False
CUST_1309,Kiara Mcintyre,51,5070.69,5243.77,44,160.38,Checking,616,True,False
CUST_1310,Dawn Summers,37,3617.87,9122.72,36,171.28,Checking,749,True,False
CUST_1311,Dr. Paul Morgan,33,3955.7,9204.2,33,138.41,Checking,780,True,False
CUST_1312,Victor Taylor,38,5281.7,17008.85,34,174.54,Checking,663,True,False
CUST_1313,Shannon Ramsey,37,4950.08,14618.62,47,125.29,Savings,619,True,False
CUST_1314,Tracy Ballard,33,4489.63,12738.61,34,217.8,Savings,742,True,False
CUST_1315,Richard Smith,29,3009.92,13126.94,27,227.37,Savings,816,True,False
CUST_1316,Jordan Chambers,41,3321.89,18273.36,28,144.78,Savings,721,True,False
CUST_1317,Lauren Carson,24,4929.22,11319.28,37,141.99,Savings,610,True,True
CUST_1318,Ashley Hall,37,5498.51,6743.73,33,188.9,Savings,747,True,True
CUST_1319,Stephen Hoffman,51,3196.28,16348.78,40,243.27,Savings,634,False,False
CUST_1320,Connie Brown,44,3533.55,12727.36,26,254.33,Savings,762,True,False
CUST_1321,Susan Turner,49,4751.06,15814.69,39,109.86,Checking,597,False,False
CUST_1322,Charles Shah,26,4724.32,11820.94,28,230.32,Checking,654,True,False
CUST_1323,Johnathan Davis,41,2553.39,8645.24,40,176.92,Savings,738,True,True
CUST_1324,Brandy Chavez,22,4785.29,13611.29,32,177.89,Savings,751,False,False
CUST_1325,Natalie Bautista,51,3835.37,12040.7,33,205.24,Savings,704,True,False
CUST_1326,Patrick Moore,42,6634.64,12739.77,31,155.95,Checking,686,False,False
CUST_1327,Brett Burns,41,4894.83,18466.28,29,234.84,Savings,753,False,False
CUST_1328,Trevor Johnson,27,5110.18,7605.19,38,251.2,Savings,603,True,True
CUST_1329,Jeremy Sampson,43,5142.53,13143.67,21,253.06,Premium,734,True,False
CUST_1330,Ariana Jennings,39,3065.92,8724.01,36,87.8,Savings,741,True,False
CUST_1331,Vanessa Howard,29,7013.18,1637.82,47,168.52,Savings,681,True,False
CUST_1332,Colton Martinez,53,2554.69,11804.14,35,83.24,Checking,801,False,False
CUST_1333,Jordan Bates,54,5577.96,12124.09,38,141.74,Checking,673,True,False
CUST_1334,Linda Smith,37,5356.66,14494.09,38,60.13,Checking,643,True,True
CUST_1335,Dana Martinez,33,3987.08,11129.84,27,202.51,Savings,638,True,False
CUST_1336,Andrea Hubbard,35,5416.4,6044.0,27,190.97,Checking,829,True,False
CUST_1337,Daniel Kane,54,4186.37,8710.27,33,158.37,Savings,781,False,False
CUST_1338,Charles Lester,44,3739.01,17267.84,41,140.44,Checking,596,True,False
CUST_1339,Scott Thomas,23,5170.28,8653.49,39,195.7,Savings,675,False,False
CUST_1340,David Thompson,42,3325.13,18332.9,43,129.43,Checking,748,True,False
CUST_1341,Allison Smith,23,4303.01,16199.94,39,126.03,Savings,850,False,False
CUST_1342,Cynthia Morris,48,3840.61,10728.88,35,119.88,Checking,675,False,False
CUST_1343,Anthony Harmon,30,4163.36,9083.68,44,169.81,Checking,695,False,False
CUST_1344,Nichole Alvarez,22,5124.24,16191.65,36,150.88,Checking,761,False,False
CUST_1345,Kayla Rodriguez,32,3840.38,11036.36,33,160.79,Savings,718,True,False
CUST_1346,Theresa Williams,24,4342.93,5817.4,44,206.09,Checking,810,False,False
CUST_1347,Sharon Boyd,44,3954.4,14249.27,39,228.16,Savings,627,True,False
CUST_1348,Victor Brown,47,6388.33,13669.05,35,252.52,Checking,812,False,False
CUST_1349,James Parks,25,5011.6,16550.82,36,183.01,Savings,612,True,False
CUST_1350,Theodore Jones Jr.,39,4858.42,13398.38,37,197.38,Savings,610,True,False
CUST_1351,Ana Hill,27,5437.61,9803.41,22,189.44,Savings,808,True,False
CUST_1352,Kimberly Nguyen,43,3840.67,17078.72,30,96.29,Checking,774,False,False
CUST_1353,Kerry Chavez DDS,36,5657.4,17467.96,36,161.52,Premium,729,True,False
CUST_1354,Michael Farrell,43,5016.06,12932.82,31,161.75,Savings,727,True,False
CUST_1355,Patricia Le,33,2632.22,12241.29,40,154.46,Savings,698,True,True
CUST_1356,Jesse Perez,39,2798.29,6706.92,39,177.95,Checking,688,True,True
CUST_1357,Jesse Perry,51,3867.96,9569.89,40,169.03,Savings,653,False,False
CUST_1358,Jeffery Ortega,45,2932.08,15043.08,33,130.68,Checking,696,False,True
CUST_1359,Christian Leblanc,51,4285.49,9770.88,35,172.45,Premium,736,True,False
CUST_1360,Ronald Davis,35,3316.16,6172.65,40,148.05,Premium,734,False,False
CUST_1361,Parker Cain,27,4461.18,25983.51,38,49.04,Premium,836,True,False
CUST_1362,Laurie Hoffman,24,6347.97,6146.38,38,110.15,Savings,637,True,False
CUST_1363,Bryan Gomez,37,4521.61,21027.01,40,184.45,Checking,760,False,True
CUST_1364,Nicole Parrish,28,4204.63,10770.31,37,234.59,Savings,720,True,False
CUST_1365,Tracy Burke,35,5068.64,11661.75,40,58.64,Checking,762,True,False
CUST_1366,Kenneth Lewis,30,3712.81,9310.89,32,136.48,Premium,850,True,False
CUST_1367,Courtney Rodriguez,36,5637.6,15131.35,38,201.57,Savings,699,True,False
CUST_1368,Holly Farmer,42,5202.35,6240.9,29,223.91,Savings,812,False,False
CUST_1369,Renee Bruce,23,4631.92,4638.68,36,158.99,Savings,709,False,False
CUST_1370,Sabrina Austin,48,4776.23,18440.69,29,145.86,Checking,653,False,False
CUST_1371,Allison Hickman,23,7135.52,8784.11,42,240.99,Savings,708,True,True
CUST_1372,Debra White,39,5761.22,14984.35,46,219.8,Savings,761,True,False
CUST_1373,Ellen Morgan,35,7332.74,7658.18,32,222.93,Savings,771,True,True
CUST_1374,Sergio Knight,41,5248.37,14833.68,34,156.6,Savings,665,False,True
CUST_1375,Charles Schultz,39,2743.72,18734.19,31,235.68,Savings,828,True,False
CUST_1376,Paul Lewis,31,4255.62,9891.51,31,82.75,Savings,714,True,False
CUST_1377,Glen Wood,46,2458.08,4266.24,31,236.56,Savings,649,True,False
CUST_1378,Paula Bradley,23,5243.71,18755.18,37,176.67,Savings,642,False,False
CUST_1379,Anthony Moore,46,5515.09,15704.98,38,186.45,Savings,684,True,False
CUST_1380,Megan Nelson,54,3475.94,10105.72,31,132.74,Premium,712,False,True
CUST_1381,Karla Ramos,52,3763.79,11128.19,37,89.3,Checking,752,False,False
CUST_1382,Paul Wilson,35,4769.27,7557.39,32,185.39,Savings,798,True,False
CUST_1383,Douglas Gregory,22,3085.7,17681.03,32,207.57,Checking,747,False,False
CUST_1384,Mr. Andrew Foster,37,2991.88,9861.14,38,215.13,Checking,715,False,True
CUST_1385,Aimee Turner,24,6131.62,6325.17,32,209.74,Savings,782,True,False
CUST_1386,Chad Scott,27,4726.72,12854.58,41,198.41,Savings,708,True,False
CUST_1387,Adam Burgess,46,3885.7,8559.95,28,133.81,Savings,632,True,False
CUST_1388,James Padilla,34,2468.18,7879.94,42,218.37,Savings,660,True,True
CUST_1389,Sandra Drake,29,5648.77,10279.6,34,128.22,Checking,797,False,True
CUST_1390,Scott Williams,42,3727.69,12345.42,28,235.35,Checking,633,True,False
CUST_1391,Thomas Atkins,25,6909.19,6475.56,39,175.8,Savings,672,False,False
CUST_1392,Laura Mckinney,46,5657.47,17540.6,32,177.46,Checking,643,True,False
CUST_1393,Brian Smith,36,3573.16,14708.64,45,223.3,Savings,743,False,False
CUST_1394,Robert Montgomery,25,3688.99,10538.55,44,230.07,Savings,636,False,False
CUST_1395,Tamara Davis,33,6735.65,8386.63,31,218.53,Checking,732,False,True
CUST_1396,Dana Chapman,53,4478.01,11643.1,31,138.98,Savings,764,False,True
CUST_1397,Jennifer Collins,53,3941.69,15597.74,47,218.13,Savings,741,True,False
CUST_1398,Gary Jackson,49,4617.99,14978.34,34,139.26,Checking,737,True,False
CUST_1399,Ashley Hicks,34,3935.94,16234.02,30,219.4,Savings,672,True,False
CUST_1400,Hannah Luna,52,4884.64,10078.49,42,108.74,Checking,657,False,False
CUST_1401,Robin Young,35,4488.55,1500.0,40,175.32,Checking,758,True,False
CUST_1402,Craig Morrison,41,5677.72,16991.24,31,138.96,Savings,646,True,False
CUST_1403,Mary Thompson,39,4097.62,11331.22,34,223.5,Checking,747,False,False
CUST_1404,Kathleen Webster,50,3477.31,14664.66,47,235.76,Savings,575,True,False
CUST_1405,Joann Glass,27,4147.1,18676.92,42,189.95,Premium,663,True,True
CUST_1406,Madison Weber,53,4139.48,21737.63,28,188.31,Savings,796,True,True
CUST_1407,Lori Hernandez,50,4486.42,9400.71,27,215.21,Checking,740,True,True
CUST_1408,Jeremy Turner,23,5376.51,12535.84,48,236.06,Savings,604,True,False
CUST_1409,Anthony Romero,44,5308.22,17467.35,39,181.87,Savings,636,False,False
CUST_1410,Jesse Brown,40,6082.91,8622.88,36,155.02,Savings,711,True,True
CUST_1411,Angela Lin,52,3568.97,9671.55,32,212.36,Checking,722,True,False
CUST_1412,Lisa Hunter,26,5069.23,9647.85,30,87.06,Checking,607,True,False
CUST_1413,Julian Conner,40,5492.48,11887.64,36,225.48,Premium,666,False,False
CUST_1414,Joanna Pacheco,31,3740.56,11119.51,43,144.49,Checking,766,False,True
CUST_1415,Erica Alvarez,46,4323.79,9624.82,39,167.99,Checking,648,True,False
CUST_1416,Antonio Garcia,23,2395.86,8136.97,36,225.8,Savings,646,True,False
CUST_1417,Gwendolyn Klein,32,5716.91,15247.76,25,159.22,Savings,694,True,False
CUST_1418,Carrie Wright,52,4313.96,17351.32,40,212.37,Savings,687,False,False
CUST_1419,Jeffrey Mills,36,5591.54,17930.86,24,236.95,Savings,677,True,True
CUST_1420,Jake Campbell,30,4840.9,10075.71,25,185.5,Savings,595,False,False
CUST_1421,George Harper,44,4351.88,15414.9,30,195.57,Savings,732,True,False
CUST_1422,Maria Jones,40,2592.33,12945.3,40,174.03,Savings,760,False,False
CUST_1423,Michael Mitchell,30,2814.64,9717.31,37,185.78,Checking,711,True,False
CUST_1424,Mary Escobar,42,2083.33,14936.87,30,124.18,Checking,763,False,True
CUST_1425,Felicia Aguilar,30,3880.07,9533.58,40,165.31,Premium,688,True,True
CUST_1426,Gregory Ponce,49,7431.14,10495.29,36,115.59,Savings,747,True,False
CUST_1427,Jenna Larson,28,2973.4,6493.08,34,135.06,Checking,711,True,False
CUST_1428,Emily Bennett,37,2083.33,10143.12,30,79.85,Savings,573,True,False
CUST_1429,Robin Santiago,37,5786.67,13015.44,27,193.2,Savings,743,True,False
CUST_1430,Nancy Jennings,54,7537.98,18275.74,35,264.58,Checking,704,True,False
CUST_1431,Maria Henderson,25,4955.73,10586.02,27,157.19,Savings,657,True,False
CUST_1432,Jack White,25,4944.25,7847.32,44,228.26,Savings,705,True,False
CUST_1433,Travis Tucker,38,4195.98,17989.48,41,236.28,Savings,765,True,False
CUST_1434,Chad Jones,50,2340.51,9981.79,22,120.04,Checking,798,True,False
CUST_1435,Ashley Wise,28,2769.94,5006.47,28,130.81,Savings,746,False,True
CUST_1436,Sophia Johnson,48,4187.39,12532.37,32,229.54,Savings,719,False,True
CUST_1437,Ralph Anderson,49,3947.76,10700.91,36,175.38,Premium,698,False,False
CUST_1438,Christopher Guerra,43,4439.37,21201.58,27,115.46,Savings,745,True,False
CUST_1439,Rhonda Martin,35,5619.99,13901.46,40,148.16,Savings,634,True,False
CUST_1440,Jason Rhodes,28,3856.04,11414.63,31,200.98,Savings,732,True,True
CUST_1441,Jeremy Mitchell,43,5645.48,8302.01,24,140.3,Savings,708,False,True
CUST_1442,Joann Ferguson,26,3864.22,13320.67,32,41.27,Premium,678,False,False
CUST_1443,Robert Harrison,23,5881.13,17826.84,38,163.9,Checking,825,True,False
CUST_1444,Holly Valentine,48,4691.29,13247.26,32,167.95,Savings,712,False,False
CUST_1445,Mrs. Diane Reyes,42,4038.55,8610.28,42,180.46,Savings,779,False,False
CUST_1446,Tracy Montoya,36,4669.95,14155.22,30,242.94,Checking,618,True,True
CUST_1447,Brenda Wright,42,4216.41,11805.57,40,182.68,Savings,701,True,False
CUST_1448,Shelly Spencer,31,4724.75,13794.45,38,192.15,Checking,678,True,True
CUST_1449,Ryan Rosales,44,5530.97,10580.77,30,232.78,Savings,641,True,False
CUST_1450,Phillip Nelson,26,4474.31,10486.82,47,180.52,Checking,719,True,False
CUST_1451,Brittany Kim,22,4121.37,10328.88,32,286.83,Savings,713,True,False
CUST_1452,Courtney Hayes,34,3178.94,15768.95,34,116.81,Savings,798,True,False
CUST_1453,Alexander Brown,42,5307.31,10527.1,35,133.29,Savings,637,True,True
CUST_1454,Cynthia Vang,47,5018.67,10161.08,31,210.7,Checking,665,True,True
CUST_1455,Alfred Galvan,42,3105.9,8231.74,31,242.72,Checking,748,True,True
CUST_1456,Marie Moody,39,5627.7,13816.06,28,169.96,Checking,743,False,True
CUST_1457,Dustin Gallegos,53,3085.6,13246.81,35,129.47,Premium,735,False,False
CUST_1458,Brenda Thornton,38,5869.86,10204.93,26,268.05,Savings,758,True,True
CUST_1459,Aaron Miller,32,5443.16,9162.49,52,140.38,Savings,669,True,False
CUST_1460,Ruben Dunn,42,5107.92,19504.69,32,196.95,Checking,796,True,False
CUST_1461,Kelsey Rodriguez,47,4112.09,4478.23,22,245.71,Savings,671,False,False
CUST_1462,Eric Williams,25,5303.06,13972.69,33,157.92,Savings,729,False,True
CUST_1463,Riley Bryant,39,5928.8,17165.61,31,148.89,Savings,709,True,False
CUST_1464,Taylor Carlson,50,5323.77,1500.0,32,152.32,Savings,684,True,False
CUST_1465,Jose Allen,50,3745.52,15176.56,40,225.08,Checking,850,True,False
CUST_1466,Jeffrey Mendez,42,4917.59,11118.98,34,233.01,Savings,760,True,True
CUST_1467,Jason Beck,34,5998.38,13024.22,38,181.69,Checking,748,True,False
CUST_1468,William Jones,38,7332.21,10707.05,47,274.15,Checking,715,True,False
CUST_1469,Katie Mcneil,30,4326.82,16301.57,26,181.6,Savings,752,False,False
CUST_1470,Jeanette Harrison,22,5655.69,13452.48,35,244.62,Checking,651,True,True
CUST_1471,Veronica King,23,6001.43,12526.88,30,158.4,Savings,746,True,False
CUST_1472,Richard Cooper,50,3567.83,8404.56,31,296.69,Savings,716,True,True
CUST_1473,Lori Ingram,54,6810.93,19529.17,30,258.51,Savings,723,True,False
CUST_1474,Evelyn Williams,31,3251.85,12039.72,36,173.6,Savings,787,True,False
CUST_1475,Robin Thompson,42,5594.57,21159.22,39,251.73,Premium,586,False,False
CUST_1476,Julie Dominguez,49,4964.98,19710.28,32,249.2,Checking,639,True,False
CUST_1477,Robin Brown,32,4652.8,4886.6,41,257.65,Checking,744,True,False
CUST_1478,Judith Carter,29,7766.87,9380.22,27,55.9,Checking,747,True,True
CUST_1479,Curtis Williams,43,4206.76,7852.2,37,215.97,Savings,586,True,True
CUST_1480,Kaylee Hays,29,4186.65,11807.18,29,207.11,Checking,669,True,True
CUST_1481,Dawn Mullins,36,6247.68,12748.66,34,203.55,Savings,620,True,True
CUST_1482,Howard Norman,38,5535.59,12919.71,29,190.92,Checking,709,False,False
CUST_1483,Evelyn Martinez,44,6185.96,16216.51,43,192.39,Checking,671,False,False
CUST_1484,Steve Paul,45,4729.42,17974.33,35,244.16,Savings,735,True,True
CUST_1485,Jasmine Beltran,40,4979.51,15869.95,40,206.97,Savings,697,False,False
CUST_1486,Jonathan Glass MD,26,6959.5,9756.26,36,190.85,Checking,809,False,True
CUST_1487,Monica Miller,53,3538.39,8871.9,41,236.97,Savings,642,False,False
CUST_1488,Samantha Gardner,22,4454.74,12011.05,38,200.9,Savings,763,True,False
CUST_1489,Bobby Guerrero,44,5581.15,13704.48,41,205.68,Savings,708,False,True
CUST_1490,Lance Simmons,29,4338.51,11267.23,28,273.35,Savings,651,True,False
CUST_1491,Heather Williams,34,3870.65,6618.06,25,158.28,Savings,755,True,False
CUST_1492,Heather Bolton,29,5356.44,14728.24,31,104.21,Premium,718,False,True
CUST_1493,William Gould,44,6253.09,10430.74,31,183.62,Checking,742,True,True
CUST_1494,Mark Cox,22,4407.29,10309.95,29,190.73,Savings,670,False,False
CUST_1495,Meghan Cisneros,45,4372.6,11781.55,40,216.08,Checking,617,True,False
CUST_1496,Lawrence Harrington,45,3773.72,11040.4,30,185.37,Premium,789,True,False
CUST_1497,Austin Osborne,38,4213.36,10534.0,33,217.76,Savings,710,True,False
CUST_1498,James Bradley,26,5937.84,6879.5,36,305.23,Checking,621,True,False
CUST_1499,Meghan Rush,41,4684.66,11551.01,40,220.08,Checking,755,True,False
CUST_1500,Phillip Berry,42,3577.1,14811.82,35,228.87,Premium,717,False,True
CUST_1501,Jennifer Banks,52,4911.29,13058.58,26,173.52,Savings,748,False,False
CUST_1502,Brian Fitzgerald,32,5897.33,15792.49,28,110.74,Checking,823,False,False
CUST_1503,Mr. Justin Green III,36,3880.98,9085.82,32,65.09,Savings,678,False,False
CUST_1504,Zachary Mitchell,40,2922.58,6887.77,25,154.07,Checking,752,True,False
CUST_1505,Katherine Martinez,28,7321.86,11016.6,29,50.98,Savings,788,False,False
CUST_1506,Jodi Roach,49,2860.17,9543.05,37,205.68,Savings,625,True,False
CUST_1507,Brandon Fleming,26,4134.56,9958.66,31,160.86,Savings,802,False,False
CUST_1508,Emma Reed,26,4873.49,12847.0,38,114.33,Checking,722,True,False
CUST_1509,Joshua Vance,51,4242.8,9987.68,40,186.54,Savings,759,False,False
CUST_1510,Michelle Ho,53,4489.69,6999.73,35,143.07,Premium,655,True,False
CUST_1511,Rebecca Hicks,29,5304.38,9764.02,36,202.54,Savings,776,True,False
CUST_1512,Curtis Taylor,31,2083.33,13360.24,29,215.38,Checking,692,True,False
CUST_1513,Allison Spencer,53,2999.72,14685.92,45,144.91,Savings,774,True,True
CUST_1514,Robert Arnold,49,4638.66,14645.69,39,168.14,Checking,723,True,True
CUST_1515,Angelica Parker,38,4078.06,13697.89,33,190.74,Checking,755,False,False
CUST_1516,Dr. Kelly Hammond DVM,52,4745.1,11327.63,36,109.65,Savings,712,True,True
CUST_1517,William Day,29,4867.9,13619.66,41,190.74,Premium,677,True,False
CUST_1518,Michael Cooper,46,2083.33,11830.66,32,108.45,Savings,659,True,True
CUST_1519,Penny Bowman,30,6175.38,12452.38,27,208.29,Savings,795,True,False
CUST_1520,Vincent Reynolds,23,3960.5,8242.69,40,158.24,Checking,660,True,False
CUST_1521,Amy Martinez,36,3501.44,12175.5,36,108.17,Savings,753,False,True
CUST_1522,Christopher Morris,24,4843.78,13514.66,36,151.0,Savings,729,False,True
CUST_1523,Hannah Everett,25,4717.28,13364.51,35,153.12,Checking,768,True,False
CUST_1524,Sarah King,35,6079.2,6849.92,28,233.43,Checking,765,False,True
CUST_1525,Krista Martinez,46,4923.17,12385.04,40,188.67,Savings,649,True,False
CUST_1526,Joseph Shaw,31,6030.97,6224.44,40,132.19,Savings,687,False,True
CUST_1527,Todd Moore,42,3410.61,12694.71,34,262.45,Savings,650,False,True
CUST_1528,Michelle Jacobs,33,4760.66,9194.65,38,211.32,Savings,841,True,False
CUST_1529,Kristy Bryan,48,3189.9,18822.57,38,163.18,Savings,726,True,False
CUST_1530,Angel May,23,4705.43,12476.97,34,102.31,Savings,769,True,False
CUST_1531,Marilyn Wang,34,4440.47,15204.66,27,158.77,Checking,696,True,False
CUST_1532,Mark Jimenez,53,4386.71,20443.49,37,168.97,Savings,690,True,False
CUST_1533,Donna Frye,52,4397.67,8730.39,30,198.45,Checking,634,True,False
CUST_1534,Dr. Michael Evans,37,5503.82,13742.7,35,210.36,Savings,768,True,False
CUST_1535,Anthony Gonzales,53,2574.13,7256.36,38,220.33,Checking,648,True,True
CUST_1536,Mr. Lawrence Edwards,53,3458.6,13379.59,41,99.43,Savings,804,False,False
CUST_1537,Morgan Valencia,32,4532.62,19062.84,35,190.43,Checking,738,True,False
CUST_1538,Bianca Wood,31,3110.0,9488.47,31,172.02,Checking,623,True,False
CUST_1539,Emma Owens,36,4640.98,8456.18,51,313.9,Checking,727,True,True
CUST_1540,David Davis,38,4519.77,11635.3,47,183.23,Premium,682,False,True
CUST_1541,James Gilbert,39,2828.64,20183.27,33,148.87,Savings,706,False,False
CUST_1542,Sean Moore,30,2766.88,15084.16,47,185.52,Checking,628,True,False
CUST_1543,Kenneth Edwards,46,2083.33,8380.34,38,179.57,Savings,596,True,True
CUST_1544,Kathleen Robertson,35,3057.5,17820.24,30,80.55,Checking,747,True,False
CUST_1545,Mr. Alexander Landry MD,46,4601.24,5379.75,29,200.42,Savings,698,False,False
CUST_1546,Cindy Gomez,43,4778.57,20546.24,39,164.47,Premium,719,True,True
CUST_1547,Johnny Khan,51,4835.71,15425.8,37,178.67,Savings,650,True,False
CUST_1548,Julie Herrera,41,3610.93,19054.23,27,136.32,Checking,679,True,False
CUST_1549,Jessica Khan,42,4560.45,5408.81,37,125.3,Checking,736,False,False
CUST_1550,Pamela Diaz,53,5079.89,12677.77,42,223.94,Savings,727,True,True
CUST_1551,Kelly Lee,42,2998.29,11464.44,40,235.42,Savings,687,True,True
CUST_1552,Angel Gordon,53,4737.49,7972.08,39,200.9,Savings,695,False,True
CUST_1553,Diana Hays,51,5403.93,6815.91,37,89.46,Checking,728,False,True
CUST_1554,Barbara Hester,33,3969.87,14028.33,33,204.15,Premium,756,False,False
CUST_1555,Robert Morgan,39,5911.13,14390.93,37,90.2,Checking,755,True,False
CUST_1556,Nicole Gonzalez,42,3999.04,17199.9,36,146.94,Savings,692,False,True
CUST_1557,Kathryn Williams,34,3508.26,9986.32,27,223.28,Savings,801,True,True
CUST_1558,Gary Wells,42,5279.38,11433.56,42,212.88,Savings,730,False,False
CUST_1559,Larry Robertson,29,7124.95,6470.16,39,202.85,Checking,764,True,False
CUST_1560,Louis Martin,28,4690.03,18163.14,31,245.65,Savings,704,True,False
CUST_1561,Nancy Evans MD,44,5376.97,12278.19,37,208.0,Checking,642,True,False
CUST_1562,Kim Erickson,53,3947.44,14890.35,30,79.05,Savings,658,True,False
CUST_1563,Robert Richardson,32,3031.31,15031.62,32,161.52,Checking,711,False,False
CUST_1564,Veronica Silva,43,4791.17,17836.43,34,177.92,Checking,809,True,False
CUST_1565,Molly Watts,43,4988.83,8674.4,38,172.06,Premium,658,True,True
CUST_1566,John Coffey,46,4135.94,14790.35,42,149.14,Premium,670,True,False
CUST_1567,Paula Lane,43,5372.15,11899.97,27,128.49,Checking,679,True,False
CUST_1568,Lauren Jackson,49,3765.73,20422.71,45,300.04,Savings,709,False,True
CUST_1569,Lisa Randall,50,3455.73,8662.54,35,160.56,Savings,685,False,False
CUST_1570,Michael Johnson,34,5909.14,16685.71,44,297.58,Savings,646,True,False
CUST_1571,Ashley Smith,39,5915.02,13401.37,31,122.94,Savings,721,True,False
CUST_1572,Christian Vaughn,23,3790.4,13191.42,44,212.85,Savings,712,True,False
CUST_1573,Reginald Knapp,50,6731.9,12216.08,32,191.48,Savings,678,True,False
CUST_1574,Nancy Brown,42,4224.45,17386.66,28,133.9,Savings,666,True,True
CUST_1575,Daniel Nguyen,36,4689.31,13055.41,36,156.62,Savings,662,False,True
CUST_1576,Kelly Edwards,48,4477.52,5902.34,33,179.24,Savings,723,False,False
CUST_1577,Thomas Peterson,52,5238.03,16878.01,33,137.79,Savings,708,False,False
CUST_1578,Raymond Le,36,4922.61,16144.81,27,167.19,Checking,789,False,True
CUST_1579,Melissa Bishop,44,4905.79,14348.55,33,61.75,Checking,676,True,True
CUST_1580,David Grant,45,3308.88,7486.11,24,215.58,Checking,707,True,False
CUST_1581,William Evans,34,2472.63,8107.54,34,241.36,Savings,757,True,False
CUST_1582,Daniel Bush,43,6011.03,4490.23,35,202.72,Checking,706,False,False
CUST_1583,Gregory Peck,54,3901.53,13841.32,35,293.21,Checking,763,True,False
CUST_1584,Denise Martinez,24,4522.04,6601.8,37,214.1,Savings,695,False,False
CUST_1585,Jamie Baird,40,4991.83,5125.0,33,237.14,Savings,728,False,False
CUST_1586,Tina Ballard,44,6619.6,17099.96,38,241.92,Checking,697,True,False
CUST_1587,Dwayne Klein,50,4785.03,15072.72,36,42.45,Premium,696,True,False
CUST_1588,Jeremy Scott,51,4089.84,10667.31,41,201.18,Savings,649,True,True
CUST_1589,Dale Ryan,46,3928.9,11463.81,40,110.85,Checking,667,True,False
CUST_1590,Melissa Taylor,29,4536.64,2370.62,40,120.95,Savings,675,True,False
CUST_1591,Laurie Sanchez,37,3446.63,15666.98,35,129.65,Checking,569,True,False
CUST_1592,Kiara Little,29,4619.43,9229.07,30,164.36,Savings,673,False,False
CUST_1593,Jason Love,22,4518.31,13321.16,36,212.52,Savings,730,True,True
CUST_1594,Randy Smith,26,6635.24,2045.75,31,201.7,Checking,652,True,False
CUST_1595,Tanya Russell,24,4478.83,15910.27,31,179.37,Checking,666,True,False
CUST_1596,Sherry Woods,22,2177.72,8988.62,38,216.13,Savings,747,True,False
CUST_1597,Victor Morris,25,7916.67,6495.83,24,219.17,Savings,746,True,True
CUST_1598,Susan Davis,53,5779.38,10641.59,35,202.13,Checking,672,False,False
CUST_1599,Kimberly Sharp,46,7186.27,9614.42,33,93.77,Savings,761,False,False
CUST_1600,Susan Thompson,31,3136.68,16297.07,38,143.03,Savings,718,True,True
CUST_1601,Casey Gillespie,42,4306.05,10318.42,40,181.32,Checking,818,False,True
CUST_1602,Jennifer Simpson DVM,48,5426.33,17450.47,47,216.67,Savings,733,True,False
CUST_1603,Tammy Mcdowell,48,5253.82,13320.57,37,113.57,Checking,795,True,False
CUST_1604,Keith Rodriguez,23,4967.01,15577.47,38,179.43,Savings,702,False,False
CUST_1605,Mrs. Virginia Daniels,34,2083.33,11991.33,33,101.72,Checking,702,True,False
CUST_1606,Todd Rosales MD,30,2442.78,17088.24,40,231.3,Premium,620,True,False
CUST_1607,Brian Martin,43,6480.23,7385.5,36,192.12,Premium,749,True,False
CUST_1608,David Lopez,47,6702.5,12454.5,41,112.69,Checking,701,False,True
CUST_1609,Rachel Bradley,33,4450.02,10414.26,24,112.36,Checking,778,False,False
CUST_1610,Casey Chase,38,6321.37,17586.51,23,199.37,Savings,783,True,False
CUST_1611,Samantha Robertson,35,3304.3,17996.14,26,248.74,Savings,579,True,False
CUST_1612,Michael Lopez,35,3590.3,12001.69,37,125.16,Savings,655,False,False
CUST_1613,Franklin Wright,41,3205.48,6833.96,33,219.33,Checking,683,True,False
CUST_1614,David Molina,32,3520.93,13708.39,33,152.89,Savings,773,False,False
CUST_1615,Elizabeth Sharp,37,5486.7,5341.56,27,221.16,Savings,699,True,False
CUST_1616,Matthew Schwartz,52,3505.39,18504.57,29,214.16,Savings,653,True,True
CUST_1617,Bryan Parker,27,7383.01,10107.32,35,187.76,Savings,699,False,False
CUST_1618,Jonathan Jacobson,40,5158.42,11877.72,43,88.28,Savings,831,True,False
CUST_1619,Emily Wilson,25,5938.99,9276.2,28,214.06,Premium,697,False,False
CUST_1620,Elizabeth Mendez,25,5195.76,8392.87,39,205.1,Checking,720,False,True
CUST_1621,Casey Hernandez,41,6101.17,14949.17,26,200.52,Premium,716,True,False
CUST_1622,Lisa Perry,31,3498.33,11365.53,30,189.78,Savings,697,False,True
CUST_1623,Kaitlin Medina,45,6392.0,12169.93,35,136.06,Checking,680,True,False
CUST_1624,Colleen Wright,47,4759.51,7984.44,37,234.15,Checking,621,False,False
CUST_1625,Shelley Miller,42,6094.92,15424.24,36,224.91,Savings,657,False,False
CUST_1626,Michael Miller,42,2783.88,15831.16,33,126.23,Savings,740,True,False
CUST_1627,Amy Kelley,31,4809.06,11164.29,35,245.71,Savings,643,False,False
CUST_1628,Laura Hernandez,25,4764.88,17071.69,34,186.58,Savings,722,True,False
CUST_1629,Joseph Wilson,41,3809.29,11583.5,29,186.46,Checking,850,False,True
CUST_1630,Kevin Davis,38,4974.73,15119.02,32,171.18,Checking,684,True,True
CUST_1631,Rhonda Chavez,28,6507.84,5508.29,29,176.1,Checking,661,True,False
CUST_1632,Joyce Brown,25,3713.14,13413.72,32,248.54,Checking,695,False,False
CUST_1633,Robert Cummings,50,5785.65,10914.07,37,231.65,Savings,779,True,False
CUST_1634,Robert Reese,35,3174.05,12622.09,34,230.59,Checking,683,True,False
CUST_1635,Amber Cooper,24,7220.14,12442.73,44,189.23,Checking,715,True,True
CUST_1636,Zachary Michael,45,5564.08,12502.8,40,224.46,Checking,709,False,False
CUST_1637,Timothy Johnson,37,6739.73,14462.8,32,138.28,Checking,649,False,False
CUST_1638,Randy Cannon,25,5423.41,9739.31,36,209.17,Savings,761,True,False
CUST_1639,Maria Fisher,45,5071.6,14276.32,37,172.33,Checking,835,True,True
CUST_1640,Janet Kane DVM,51,5574.5,16930.1,27,77.01,Checking,745,True,False
CUST_1641,Michael Stanley,39,4412.77,6359.44,29,100.69,Checking,632,True,True
CUST_1642,Martha Bailey,40,2561.04,8877.84,42,146.85,Savings,708,False,True
CUST_1643,Joshua Rice,52,5142.58,9045.86,34,200.76,Savings,813,True,False
CUST_1644,Courtney Smith,40,3638.95,7631.82,31,146.9,Checking,795,True,False
CUST_1645,Edwin Nunez,40,3206.26,10101.21,24,150.44,Premium,742,True,False
CUST_1646,Kim Morrow,43,5378.7,16132.47,46,218.16,Checking,763,True,False
CUST_1647,Gregory Hill,45,4234.45,17790.35,34,152.25,Checking,775,False,False
CUST_1648,Molly Rodriguez,33,5867.96,12424.7,30,246.54,Checking,669,True,False
CUST_1649,Jennifer Miranda,51,3597.16,10703.06,28,238.26,Savings,723,True,False
CUST_1650,Alexis Harris,52,3994.8,15211.7,41,181.09,Savings,669,True,False
CUST_1651,Andrew Harper,40,6021.2,2544.13,31,217.67,Savings,788,False,False
CUST_1652,Amber Yang,51,4933.14,7779.29,36,210.86,Premium,647,True,False
CUST_1653,David Robinson,54,2736.67,2713.48,37,167.72,Savings,693,False,False
CUST_1654,Amy Gordon,39,4905.53,7737.2,28,223.08,Premium,830,False,False
CUST_1655,Robert Dennis,49,6434.88,8931.93,30,230.45,Checking,611,True,True
CUST_1656,Kyle Chambers,32,3985.11,17910.73,33,132.38,Checking,693,True,False
CUST_1657,Eric Thomas,54,5330.91,1500.0,31,187.68,Premium,644,True,False
CUST_1658,Connie Turner,38,3521.6,10333.19,34,187.13,Checking,596,True,False
CUST_1659,Travis Hobbs,27,4412.35,14478.27,29,222.48,Checking,734,True,False
CUST_1660,Lori Simmons,25,5945.63,13642.92,27,157.81,Savings,668,True,False
CUST_1661,William David DDS,41,4857.37,17846.95,40,150.11,Savings,772,True,True
CUST_1662,Emma Butler,48,6194.92,12644.21,44,188.45,Checking,754,True,False
CUST_1663,James Webster,36,5114.96,13497.11,34,239.07,Checking,642,True,True
CUST_1664,Samuel Turner,27,7356.76,4645.97,36,120.03,Savings,662,True,True
CUST_1665,Renee Melendez,35,2627.19,8046.92,34,128.76,Checking,611,True,True
CUST_1666,Tracy Grant,32,4311.84,4869.18,40,153.97,Savings,754,False,False
CUST_1667,David Harris,30,3227.67,14290.43,28,162.87,Checking,618,True,False
CUST_1668,Tammy Boone,47,3313.02,13394.76,38,91.72,Savings,577,True,False
CUST_1669,Nathaniel Lee,37,3324.35,13254.15,25,254.91,Savings,830,True,False
CUST_1670,Michael Morrison,26,4792.99,8474.27,38,173.48,Checking,663,False,False
CUST_1671,Chelsea Gill,31,4866.21,8108.2,22,165.99,Checking,756,True,False
CUST_1672,Kristin Mendoza,24,5117.65,12837.79,40,261.13,Checking,732,True,True
CUST_1673,Felicia Krueger,34,3179.51,9322.46,38,215.89,Checking,717,True,False
CUST_1674,Timothy Hayden,51,4178.05,7918.38,27,153.23,Savings,674,True,False
CUST_1675,Zachary Mendoza,27,3377.97,9966.44,28,188.23,Savings,796,False,False
CUST_1676,Larry Harris,38,5753.19,9357.03,37,177.91,Savings,751,False,False
CUST_1677,Kristen Rowe,40,3495.5,8533.11,36,252.42,Savings,696,True,False
CUST_1678,Joseph Howard,47,4316.19,7096.93,32,171.63,Checking,638,False,False
CUST_1679,Jose Crawford,26,5283.72,13794.76,34,107.9,Savings,684,False,True
CUST_1680,William Harrison,50,3813.8,18224.2,38,86.14,Premium,758,True,True
CUST_1681,Suzanne Wood,41,5450.68,11843.98,32,253.76,Savings,757,True,False
CUST_1682,Justin Walker,42,6578.43,12889.74,35,140.57,Checking,737,True,False
CUST_1683,Dean Donovan,31,4820.47,14145.51,39,213.51,Savings,753,False,False
CUST_1684,Jennifer Hernandez,26,5710.35,13466.26,41,183.59,Premium,694,True,False
CUST_1685,James Whitaker,27,2083.33,8612.35,39,159.17,Savings,709,True,False
CUST_1686,Mr. Michael Scott PhD,47,4047.02,18879.38,35,167.01,Savings,725,True,False
CUST_1687,Maria Henry,25,4814.46,8970.76,44,259.17,Checking,732,True,False
CUST_1688,Robert Jackson,22,3267.13,14592.35,34,107.6,Savings,680,False,False
CUST_1689,Katherine Stark,45,4842.9,14120.77,37,160.68,Checking,662,True,True
CUST_1690,Maria Brown,27,5908.26,4166.23,23,225.33,Savings,722,False,False
CUST_1691,Ryan Landry,52,2233.88,10564.61,36,115.84,Savings,745,False,False
CUST_1692,Pamela Gutierrez,41,3096.99,12226.51,27,245.86,Checking,640,True,False
CUST_1693,Crystal Mann,45,4814.35,12532.6,32,224.61,Savings,640,True,False
CUST_1694,Jonathan Brooks,46,5158.86,13205.68,39,193.59,Checking,613,True,True
CUST_1695,Mary Jensen,42,5505.93,15030.65,36,154.84,Savings,759,False,False
CUST_1696,Mr. Aaron Arnold,51,4721.95,11969.94,32,109.42,Checking,619,False,False
CUST_1697,Joseph Hill,45,5160.22,13418.47,38,215.35,Savings,850,False,True
CUST_1698,Alicia Li,51,5712.68,11820.18,32,317.43,Savings,781,True,False
CUST_1699,Renee Browning,43,4065.26,7930.67,30,187.29,Savings,758,True,False
CUST_1700,Brent Hernandez,49,3822.6,12129.61,32,88.7,Checking,759,True,False
CUST_1701,Joseph Ochoa,59,2407.02,714.37,3,51.77,Savings,736,False,False
CUST_1702,James Watson,36,1915.79,951.76,1,25.15,Checking,720,True,False
CUST_1703,Karl Branch,35,2662.71,1076.19,4,45.41,Savings,571,True,False
CUST_1704,Michael Abbott,54,833.33,906.25,1,15.69,Savings,809,False,False
CUST_1705,Shannon Malone,47,1762.1,1063.11,4,9.62,Checking,759,True,False
CUST_1706,James Tran,36,1582.63,772.19,2,52.33,Savings,648,True,True
CUST_1707,Adam Jackson,40,2162.44,325.2,2,37.32,Savings,736,True,True
CUST_1708,Mr. Richard Knight PhD,33,1974.63,1223.13,5,49.05,Savings,729,True,False
CUST_1709,Joseph Williams,18,2865.23,564.36,4,44.64,Savings,683,True,False
CUST_1710,Sean Clay,29,1093.78,425.76,1,25.47,Savings,809,False,True
CUST_1711,Anthony Jones,41,2363.66,728.83,1,44.09,Checking,722,False,False
CUST_1712,Stephanie Elliott,51,2705.56,434.88,5,20.34,Savings,699,False,False
CUST_1713,Timothy Edwards,25,3571.1,633.03,3,72.82,Savings,636,False,True
CUST_1714,Laurie Goodwin,35,2012.16,937.62,1,17.88,Checking,697,True,False
CUST_1715,Jennifer Jones,22,2549.64,939.34,1,41.08,Checking,718,True,False
CUST_1716,David Davenport,43,1130.76,440.87,5,24.15,Checking,650,False,True
CUST_1717,Steven Rivera,47,833.33,604.92,4,56.41,Savings,756,True,False
CUST_1718,Brenda Hinton,30,2896.52,1229.73,4,38.37,Checking,642,False,False
CUST_1719,Kathryn Mccann,36,2329.63,998.56,1,34.63,Savings,632,True,False
CUST_1720,Jeffrey Roberson,46,3119.01,1630.03,0,62.06,Checking,699,False,False
CUST_1721,Randy Friedman,20,1417.73,1272.05,4,45.59,Savings,748,True,True
CUST_1722,Raymond Johnson,43,2679.93,1257.72,2,55.33,Savings,669,True,False
CUST_1723,Willie Henry,57,3579.21,244.85,4,25.37,Savings,553,True,False
CUST_1724,Todd Reynolds,29,2613.14,1105.54,1,16.9,Checking,795,True,True
CUST_1725,Mary Miller,19,2517.72,778.76,1,47.14,Savings,778,False,True
CUST_1726,Rebecca Marquez,28,2339.04,579.61,4,38.62,Checking,835,True,False
CUST_1727,Christian Dawson,61,1286.08,867.21,2,57.53,Savings,703,True,False
CUST_1728,Nancy Stewart,45,3237.05,1178.08,1,43.4,Savings,712,False,False
CUST_1729,Aaron Parker,35,1926.09,1000.33,1,49.1,Checking,694,True,False
CUST_1730,Derrick Anderson,30,2669.66,448.61,3,12.53,Checking,578,True,True
CUST_1731,Jerry Peters,54,1291.31,1096.98,4,82.77,Savings,756,True,False
CUST_1732,Alexander Gomez,39,1547.03,544.96,2,41.72,Checking,749,False,False
CUST_1733,Kyle Nguyen,29,3290.06,886.67,2,58.95,Checking,778,True,False
CUST_1734,Edgar Hughes,19,2101.8,678.66,4,28.28,Savings,672,True,False
CUST_1735,Steven Stein,54,3302.18,712.45,3,51.16,Savings,783,True,False
CUST_1736,Laura Jackson,24,2281.18,1106.5,1,18.94,Checking,667,True,False
CUST_1737,Charles Turner,43,1105.4,383.92,1,54.04,Premium,694,True,False
CUST_1738,Arthur Hamilton MD,43,2928.05,1578.08,3,37.88,Checking,679,True,False
CUST_1739,Mr. David Wright,41,1940.07,71.57,2,45.58,Savings,741,True,False
CUST_1740,Linda Gonzalez,29,2799.13,560.93,3,58.96,Checking,760,True,False
CUST_1741,Eric Rush,33,2350.14,948.08,2,20.35,Savings,733,True,True
CUST_1742,Manuel Brock,40,1304.59,1033.73,6,31.31,Premium,665,False,False
CUST_1743,George Ochoa,57,2442.86,759.81,7,54.15,Savings,690,True,False
CUST_1744,Valerie Taylor,26,3750.0,777.04,4,86.96,Premium,657,True,False
CUST_1745,Travis Harris,49,2661.99,964.22,2,42.24,Checking,779,True,False
CUST_1746,Vincent Novak,32,2294.99,707.57,2,56.82,Savings,705,True,False
CUST_1747,Michael Henry,54,3050.23,1357.27,0,42.86,Checking,710,True,False
CUST_1748,Dana Bennett,30,2473.78,1135.74,5,83.84,Checking,669,True,False
CUST_1749,Jenna Wilson,22,2473.02,1149.13,2,10.06,Checking,724,True,False
CUST_1750,Leslie Gardner,28,1605.58,413.54,4,46.89,Savings,692,True,False
CUST_1751,Krista Benton,27,2489.23,768.24,4,12.49,Savings,719,True,True
CUST_1752,Michael Gonzales,30,3023.63,679.81,4,5.0,Checking,808,True,False
CUST_1753,Michael Fuentes,58,1775.96,397.76,5,50.95,Premium,681,True,True
CUST_1754,Jennifer Porter,63,3283.0,944.07,3,47.79,Premium,599,True,True
CUST_1755,Dana Hopkins,32,2272.2,584.94,3,39.3,Savings,730,False,True
CUST_1756,Rachel Jones,59,1741.49,1062.16,5,42.88,Savings,850,False,True
CUST_1757,Karen Morales DDS,24,2998.42,371.92,4,106.97,Checking,786,True,True
CUST_1758,Melissa Stephens,57,2142.14,1487.62,3,39.84,Savings,615,True,False
CUST_1759,Heather Woodard,45,2839.68,441.47,4,55.2,Checking,791,False,False
CUST_1760,Margaret Miller,49,2138.83,887.72,3,32.01,Savings,734,True,False
CUST_1761,Mary Kelly,52,2293.45,1116.74,3,50.9,Checking,642,False,False
CUST_1762,Amanda Terrell,32,2662.37,571.74,4,40.24,Savings,744,True,False
CUST_1763,Jennifer Goodwin,53,2527.26,1140.99,3,36.79,Checking,767,True,False
CUST_1764,Jessica Smith,38,1002.98,308.33,1,81.38,Savings,650,False,True
CUST_1765,Jorge Stone,23,1585.84,1380.85,3,68.54,Checking,812,False,False
CUST_1766,Laura Griffin,18,2952.94,805.66,2,47.73,Savings,604,True,False
CUST_1767,Raymond Chapman,21,2245.24,561.44,2,5.0,Savings,712,False,False
CUST_1768,Haley Johnson,28,1984.18,680.33,4,37.78,Savings,698,True,False
CUST_1769,Jason Nixon,61,1427.62,1123.57,4,99.06,Savings,666,True,False
CUST_1770,Todd Thomas,43,1613.51,566.22,1,40.39,Checking,752,True,False
CUST_1771,Jesse Clark,54,985.47,500.26,7,67.06,Checking,683,True,False
CUST_1772,Mr. Jeffrey Horton,40,2265.81,711.39,3,73.84,Savings,760,False,True
CUST_1773,Eric Patrick,46,1934.37,329.22,2,49.38,Savings,820,True,False
CUST_1774,Samuel Wong,38,1688.94,1528.22,6,28.16,Premium,763,True,False
CUST_1775,Carly Riggs,62,2287.92,573.44,0,5.0,Checking,752,False,False
CUST_1776,Christopher Moore,62,2575.98,1132.65,6,58.68,Checking,704,False,False
CUST_1777,Tina Hall,44,3728.8,883.79,3,28.7,Checking,627,True,True
CUST_1778,Cody Davidson,56,1325.41,406.19,3,48.52,Savings,651,False,False
CUST_1779,Allen Mendez,57,3106.25,797.62,5,20.0,Checking,773,True,False
CUST_1780,Kevin Price,30,2982.07,1113.6,5,39.7,Savings,730,False,False
CUST_1781,Christine Goodwin,40,1813.94,724.7,2,45.67,Savings,786,True,False
CUST_1782,Amy Garcia,33,2468.82,1277.25,4,50.37,Savings,850,True,False
CUST_1783,Chelsea Nguyen,47,2028.24,1208.61,3,22.7,Checking,731,True,False
CUST_1784,Dennis Huffman,21,2457.13,1167.57,6,68.94,Checking,756,False,False
CUST_1785,Margaret Harper,57,3339.42,616.14,1,33.06,Checking,723,False,False
CUST_1786,Laurie Bailey,33,2737.07,368.06,3,11.51,Premium,743,False,True
CUST_1787,Lisa Cervantes,48,2672.41,554.56,5,42.82,Premium,550,True,True
CUST_1788,Elizabeth Mendez,59,2046.46,878.5,3,45.69,Savings,641,False,True
CUST_1789,Cesar Wilson,42,1343.96,1018.31,2,48.21,Savings,760,False,False
CUST_1790,Clayton Steele,61,2194.35,50.0,0,72.24,Savings,748,False,False
CUST_1791,Jennifer Taylor,29,3137.74,796.75,1,40.27,Checking,738,False,False
CUST_1792,Cody Reid,43,1315.22,863.24,4,42.61,Checking,723,True,False
CUST_1793,Maria Cooke,54,1629.94,688.98,6,22.94,Savings,732,False,False
CUST_1794,Katherine Taylor,50,2417.51,1316.51,2,61.41,Savings,657,True,False
CUST_1795,Jerry Brown,45,1676.9,968.71,4,48.69,Savings,767,True,False
CUST_1796,Adam Taylor,26,1804.98,1324.08,1,36.6,Checking,759,True,True
CUST_1797,Tracey Wagner,29,2050.93,713.62,1,6.91,Savings,717,True,False
CUST_1798,Michael Perry PhD,22,1422.92,1174.99,8,73.89,Premium,584,True,True
CUST_1799,Bradley Johnson DDS,45,1683.92,1454.03,2,20.45,Savings,564,True,True
CUST_1800,Donald Medina,52,2802.29,1324.68,2,33.17,Checking,759,False,False
CUST_1801,Jim Newton,22,1461.75,363.14,3,52.17,Savings,798,True,False
CUST_1802,Krista Wilson,51,1268.09,698.53,4,21.07,Checking,757,True,False
CUST_1803,Reginald Morrow,63,1913.32,661.93,2,15.13,Premium,688,True,False
CUST_1804,Rodney Williams,51,2821.3,995.7,1,5.0,Checking,587,False,False
CUST_1805,Kimberly Fritz,30,2202.05,1074.54,2,59.42,Savings,730,True,False
CUST_1806,Ronald Potter,56,2023.61,464.44,1,34.1,Savings,738,False,False
CUST_1807,Zachary Cole,59,2362.91,827.14,0,103.55,Savings,785,True,True
CUST_1808,Robert Gonzales,62,1169.53,50.0,3,25.11,Savings,792,True,False
CUST_1809,Patricia Young PhD,31,2663.14,1376.78,2,26.57,Premium,807,True,False
CUST_1810,Heather Page,28,2588.96,595.05,6,33.69,Savings,721,True,False
CUST_1811,Carol Taylor,59,2060.46,822.35,2,49.86,Savings,756,True,False
CUST_1812,Daniel Brown,55,3003.95,676.14,2,35.6,Checking,740,False,False
CUST_1813,Douglas Ryan,21,1581.67,1258.41,2,57.25,Savings,749,True,False
CUST_1814,Michael Roberts,50,3085.27,50.0,6,25.43,Checking,821,False,False
CUST_1815,Scott Duke,24,2436.33,793.36,1,17.37,Checking,688,True,False
CUST_1816,Anna Estes,58,2108.96,757.67,4,9.04,Checking,831,True,False
CUST_1817,Tamara Riddle,25,2320.08,618.55,4,5.0,Savings,781,True,False
CUST_1818,Beth Cline,54,2261.82,1490.49,2,34.64,Savings,691,False,False
CUST_1819,Michael Poole,27,3146.86,445.07,3,38.98,Savings,766,False,False
CUST_1820,Megan Burns,60,1615.55,1108.72,0,32.37,Checking,680,True,True
CUST_1821,Debra Perry,32,1824.99,942.5,3,69.87,Savings,721,False,False
CUST_1822,Mark Beard,55,3024.2,1304.61,4,69.56,Checking,715,True,False
CUST_1823,Jose Ramirez,32,1936.31,533.12,2,38.3,Checking,815,False,True
CUST_1824,Jackie Clements,22,2933.69,506.81,4,9.12,Checking,761,True,False
CUST_1825,Aaron Schroeder,46,3466.29,1238.43,0,33.67,Checking,685,True,True
CUST_1826,Monica Ellis,36,2065.47,970.13,2,33.0,Savings,681,False,False
CUST_1827,Heather Brown,27,2787.57,182.03,4,31.86,Savings,800,False,False
CUST_1828,Claudia Jordan,29,1564.21,584.28,4,31.05,Premium,616,False,True
CUST_1829,Derrick Clayton,21,2836.49,954.55,2,31.93,Savings,649,False,False
CUST_1830,Kenneth Knight,48,2466.28,1135.11,3,37.27,Savings,690,False,True
CUST_1831,Mr. Michael Williams,35,2648.69,528.31,4,32.29,Savings,663,True,True
CUST_1832,Richard Stevens,33,1902.95,50.0,4,49.17,Savings,821,False,False
CUST_1833,Scott Alexander,57,1225.94,1009.29,3,52.21,Savings,812,False,False
CUST_1834,Tyler Harris,53,2668.83,311.87,3,26.79,Savings,671,False,False
CUST_1835,Bonnie Santos,42,957.73,50.0,3,70.42,Savings,640,True,False
CUST_1836,Timothy Hill,40,2121.77,50.0,2,25.4,Checking,738,True,False
CUST_1837,Danielle Watson,29,2960.79,1125.59,3,12.64,Savings,705,True,True
CUST_1838,Carol Sanders,51,2461.27,851.45,4,52.62,Checking,715,True,False
CUST_1839,Michael Young,53,3632.23,709.74,5,28.65,Savings,720,False,False
CUST_1840,Michele Smith,54,3016.74,1355.61,5,51.43,Premium,779,True,False
CUST_1841,Casey Perez,20,1897.4,1054.93,1,5.0,Savings,759,True,False
CUST_1842,Alexandra Dominguez,26,2351.54,1446.52,5,72.85,Savings,694,True,False
CUST_1843,Virginia Henderson,35,2301.75,242.91,4,58.45,Checking,728,True,False
CUST_1844,Benjamin Reyes,60,1278.55,786.18,2,14.99,Savings,752,True,True
CUST_1845,Ashley Edwards,52,1706.4,153.31,2,15.42,Checking,645,True,False
CUST_1846,Breanna Ayala,51,1959.49,708.25,1,78.45,Checking,651,True,True
CUST_1847,Brandi Haney,58,975.85,700.55,3,30.25,Premium,665,False,False
CUST_1848,Joseph Smith,31,2365.0,1050.65,5,28.32,Savings,592,True,False
CUST_1849,Jessica Bowen,21,2167.29,818.23,1,5.0,Savings,708,True,False
CUST_1850,Brittany Jenkins,46,1218.07,1049.36,2,37.98,Savings,693,True,True
CUST_1851,Shannon Miller,58,2602.81,1081.38,3,40.45,Checking,736,True,True
CUST_1852,Paul Lawrence,62,2810.58,1661.97,3,59.31,Checking,664,True,False
CUST_1853,Victor Edwards,32,2484.69,673.88,3,17.02,Premium,739,True,False
CUST_1854,Donald Miller,45,2117.29,423.59,3,14.59,Premium,791,True,False
CUST_1855,Lindsay Lawson,59,2727.63,898.43,5,54.02,Savings,675,True,False
CUST_1856,Melissa Abbott,33,2786.81,479.09,4,65.13,Savings,598,False,True
CUST_1857,Elizabeth Holmes,29,2538.27,1392.78,3,13.58,Checking,664,True,False
CUST_1858,Nicole Phillips,22,1783.59,686.71,5,66.63,Savings,740,False,False
CUST_1859,Steven Blevins,51,2517.73,573.77,4,45.75,Savings,686,False,False
CUST_1860,Brian Porter MD,59,3130.32,611.47,1,66.84,Premium,642,False,True
CUST_1861,Vanessa Hatfield,18,1935.58,1087.37,3,43.6,Savings,692,True,False
CUST_1862,Bonnie Valencia,56,3731.96,736.9,3,5.0,Checking,770,False,True
CUST_1863,Holly Vega,49,1982.91,543.33,1,41.96,Savings,718,True,False
CUST_1864,Tiffany Townsend,43,2354.94,1466.14,5,66.2,Savings,723,False,False
CUST_1865,Austin Baker,34,1885.01,457.53,3,27.13,Savings,676,False,False
CUST_1866,Antonio Mccormick,44,2482.18,814.23,2,37.24,Premium,806,False,True
CUST_1867,Lori Mason,41,1171.85,1060.92,3,41.48,Checking,758,True,False
CUST_1868,Michael Miller,52,1969.31,147.47,3,5.0,Savings,702,True,True
CUST_1869,Lisa Ramirez,63,1605.25,992.1,3,78.43,Savings,745,False,False
CUST_1870,Jorge Harris,59,2423.56,377.96,1,26.97,Savings,795,True,False
CUST_1871,Kimberly Myers,56,2996.3,1129.11,5,55.11,Premium,702,True,False
CUST_1872,Sandra Becker,43,2764.0,414.94,1,43.27,Checking,708,False,False
CUST_1873,Michael Blair,55,833.33,1077.11,4,70.15,Checking,643,True,True
CUST_1874,Amy Miller,40,3694.71,1242.33,2,53.12,Savings,780,False,False
CUST_1875,Jesse Lynch,39,2530.19,1144.57,3,40.3,Checking,633,True,False
CUST_1876,Patrick Yang,21,1815.67,900.53,4,27.13,Savings,732,True,False
CUST_1877,Michael Miles,26,2438.09,707.48,3,60.96,Savings,699,True,False
CUST_1878,Troy Mills,21,2450.79,569.43,8,7.53,Savings,657,False,False
CUST_1879,Michelle Jackson,24,1888.77,1388.41,2,57.92,Checking,786,True,True
CUST_1880,Richard Adams,40,2465.28,520.2,2,23.02,Checking,716,True,False
CUST_1881,Patricia Johnson,19,1928.35,385.17,1,70.05,Savings,720,True,False
CUST_1882,Denise Brown,41,2063.76,1066.15,1,48.23,Checking,712,True,False
CUST_1883,Laura Jones,57,1875.81,481.55,5,57.88,Checking,668,True,True
CUST_1884,Ian Porter,48,1378.22,419.97,2,46.64,Savings,768,True,False
CUST_1885,Holly Scott,64,2430.56,222.56,0,9.95,Checking,693,False,True
CUST_1886,Kenneth Sharp,48,2723.53,606.84,2,27.79,Checking,706,True,False
CUST_1887,Jordan Williams,64,2676.59,766.91,5,58.45,Premium,699,True,False
CUST_1888,Dana Ruiz,57,2879.95,897.24,4,48.33,Checking,656,True,True
CUST_1889,Chris Velazquez,60,2549.56,1180.52,4,68.62,Checking,785,True,True
CUST_1890,Kristen Sloan,51,1978.18,1010.76,4,53.07,Checking,638,True,False
CUST_1891,Jennifer Morris,41,2893.11,723.65,4,25.67,Savings,815,True,False
CUST_1892,Nathan Nelson,43,1428.32,720.72,1,29.08,Checking,675,True,False
CUST_1893,Jake Shaw,33,1732.89,1004.06,3,47.06,Checking,775,True,True
CUST_1894,Cassie Brock,64,1690.53,1309.03,1,5.0,Savings,584,True,False
CUST_1895,Dr. Andrea Marshall,30,3053.37,850.53,4,78.47,Checking,752,True,False
CUST_1896,Ryan Murphy,32,2961.86,612.35,4,53.83,Checking,708,True,False
CUST_1897,Aimee Gonzalez,44,2658.2,402.85,3,69.54,Savings,618,False,False
CUST_1898,Elizabeth Dean,21,3047.95,221.92,3,13.39,Checking,669,False,False
CUST_1899,Kevin Snyder,33,1747.14,1066.51,3,69.89,Checking,682,True,True
CUST_1900,Christie Mccullough,47,2565.73,1031.19,4,89.63,Checking,651,False,False
CUST_1901,Danielle Smith,61,2249.88,1030.95,2,18.58,Checking,624,True,False
CUST_1902,David Reed,47,2897.92,748.54,3,60.43,Checking,797,False,True
CUST_1903,Sherry Tapia,53,2256.52,1362.77,4,45.02,Savings,717,False,True
CUST_1904,Matthew Sweeney,20,2076.7,606.35,5,14.11,Checking,666,True,False
CUST_1905,Ashley Moreno,39,2693.94,1182.11,2,54.86,Premium,693,False,False
CUST_1906,Johnathan Brown,39,2917.45,784.5,2,61.67,Checking,652,True,False
CUST_1907,Michelle Davis DVM,29,1887.77,556.66,1,32.98,Checking,721,True,False
CUST_1908,Kelly Haynes,38,2292.62,1037.01,2,68.32,Savings,696,True,False
CUST_1909,William Miller,21,1627.71,963.85,4,11.66,Checking,759,False,False
CUST_1910,Casey Wilkins,48,833.33,942.79,2,15.1,Checking,745,False,False
CUST_1911,Keith Graham,61,2466.97,832.51,2,47.73,Savings,693,True,False
CUST_1912,Cynthia Green,48,2739.27,784.84,4,45.51,Savings,777,False,False
CUST_1913,Robert Haynes,40,2508.04,1755.35,3,30.67,Savings,653,False,False
CUST_1914,Emily Nelson,37,1033.63,1273.7,4,61.19,Savings,709,True,False
CUST_1915,Dale Chan,32,2099.43,1089.13,1,55.62,Checking,734,False,False
CUST_1916,Brittney Martin,40,854.43,844.72,3,62.16,Checking,651,True,False
CUST_1917,Jason Herrera,45,3246.47,1202.86,6,42.54,Checking,763,False,False
CUST_1918,Christine Parker,33,1609.3,1007.2,3,57.05,Savings,792,False,False
CUST_1919,Bryan Moore,54,3170.27,810.48,1,36.09,Savings,692,True,False
CUST_1920,Samantha Terry,38,2963.91,678.57,3,86.08,Checking,752,True,True
CUST_1921,Russell Murphy,32,1732.94,767.63,6,28.75,Savings,640,False,False
CUST_1922,David Kelly,34,1578.14,50.0,4,87.11,Checking,804,True,False
CUST_1923,Megan Green,54,2566.91,884.24,4,45.7,Savings,758,True,True
CUST_1924,Amanda Sullivan MD,30,1770.45,604.61,1,17.49,Premium,696,True,False
CUST_1925,Danielle Murray,36,2401.66,1437.07,5,72.36,Savings,719,True,True
CUST_1926,Brenda Smith,47,2011.45,807.74,0,47.52,Savings,643,True,True
CUST_1927,Vickie Anderson,62,1145.89,324.41,5,62.02,Checking,581,True,False
CUST_1928,Jacqueline Mccoy,35,846.35,780.05,2,69.48,Premium,698,False,False
CUST_1929,Lauren Green,31,2484.46,381.55,0,51.76,Savings,797,True,False
CUST_1930,Alison Brown,53,1958.96,989.36,3,33.16,Savings,618,False,False
CUST_1931,Jill Anderson,53,1964.61,916.38,6,64.51,Savings,653,True,False
CUST_1932,Sandra Rivera,37,2797.24,1183.14,3,45.02,Savings,765,True,False
CUST_1933,Joel Jackson,36,3115.63,483.65,2,58.72,Savings,665,True,False
CUST_1934,Samantha Foster,62,2151.64,813.6,2,5.0,Checking,718,False,False
CUST_1935,Michael Thompson,61,2106.27,253.99,2,53.94,Savings,756,False,False
CUST_1936,Cody Ramirez,24,2666.76,1080.6,3,32.23,Checking,683,False,False
CUST_1937,Amanda Harvey,61,1428.71,1007.55,7,78.07,Checking,740,True,False
CUST_1938,Edward Jenkins,21,2482.1,998.32,0,57.46,Savings,764,True,False
CUST_1939,Amy Ramirez,51,2701.26,800.65,3,49.8,Savings,667,True,False
CUST_1940,Curtis Wilkerson,19,2786.82,965.91,3,54.73,Savings,648,True,True
CUST_1941,Lydia Pham,22,1042.16,1441.74,4,25.03,Checking,668,False,False
CUST_1942,Virginia Casey,27,1825.76,685.96,3,77.47,Checking,706,True,False
CUST_1943,Joshua Washington,49,1747.82,855.46,3,84.83,Checking,701,True,False
CUST_1944,Kathryn Price,59,2399.92,365.55,3,52.86,Premium,724,False,True
CUST_1945,Francis Robinson,58,2653.83,452.7,3,76.81,Savings,651,True,True
CUST_1946,Paula Brown,30,3331.14,839.13,7,33.62,Checking,709,False,False
CUST_1947,Kendra Wang DVM,56,2003.36,1241.57,2,29.06,Savings,773,True,False
CUST_1948,Ariel Sandoval,22,2001.62,697.49,2,45.82,Savings,727,True,False
CUST_1949,Robert Stark,27,3099.78,705.63,3,53.7,Savings,646,True,True
CUST_1950,Zachary Robinson,27,2531.05,637.25,3,37.12,Checking,760,True,False
CUST_1951,Rebecca Kelly,55,3178.43,586.1,4,55.76,Checking,633,False,True
CUST_1952,Sarah Thompson,44,2525.82,917.99,2,51.13,Savings,687,False,True
CUST_1953,Renee Wolfe,38,1561.92,201.1,3,25.03,Savings,550,False,False
CUST_1954,Alyssa Haynes,25,1444.58,1312.38,3,55.38,Checking,632,False,False
CUST_1955,Kristy Hart,18,1298.99,533.83,3,62.27,Savings,601,False,False
CUST_1956,William Keith,45,2774.7,1088.76,2,48.43,Savings,675,True,True
CUST_1957,Eric Henry Jr.,56,3125.73,292.0,3,68.05,Savings,715,False,False
CUST_1958,Daniel Fox,31,3566.24,1067.54,1,20.65,Savings,649,True,False
CUST_1959,Thomas Harris,38,2895.4,1068.78,5,54.36,Checking,826,True,False
CUST_1960,Mitchell Sellers,47,3108.56,953.68,4,21.59,Savings,715,True,False
CUST_1961,Erica Johnson,38,1946.66,402.23,3,22.72,Savings,693,True,False
CUST_1962,Sylvia Schroeder,26,1562.39,899.82,4,32.38,Savings,684,True,False
CUST_1963,Shannon Yu,34,2900.05,326.78,3,26.16,Checking,639,True,False
CUST_1964,Tom Foster,22,2611.79,698.89,3,34.04,Checking,771,False,False
CUST_1965,Eric Taylor,48,2404.96,1211.77,4,40.72,Checking,610,True,False
CUST_1966,Travis Conner,57,2591.58,1118.68,3,61.74,Savings,821,False,True
CUST_1967,Marie Thompson,55,2548.79,806.07,4,38.58,Savings,690,True,True
CUST_1968,Melissa Mcfarland,60,3189.21,410.08,2,13.29,Savings,736,True,False
CUST_1969,Courtney Chapman,36,3196.66,1058.24,5,67.8,Savings,730,True,True
CUST_1970,Eric Barker,53,2696.15,807.75,4,28.26,Savings,675,False,False
CUST_1971,Nicholas Rush,50,2897.2,50.0,2,43.83,Savings,680,True,False
CUST_1972,Jenna Gamble,30,2676.04,1113.05,3,53.93,Savings,671,False,False
CUST_1973,Amanda Guzman,31,2025.89,790.31,4,48.99,Premium,662,False,False
CUST_1974,Tracy Walker,50,2837.71,1280.98,4,66.88,Savings,825,True,False
CUST_1975,Taylor Taylor,46,1403.67,361.89,4,54.58,Savings,706,False,False
CUST_1976,Cynthia Haas,60,3035.93,50.0,5,27.77,Premium,675,True,True
CUST_1977,Stephen Davis,53,1536.98,911.63,2,88.57,Checking,698,True,True
CUST_1978,Margaret Tanner,61,2523.87,916.63,3,48.89,Checking,718,False,False
CUST_1979,Derek Wright,27,1769.9,123.73,3,42.05,Premium,675,False,False
CUST_1980,David Rodriguez,48,2702.26,408.6,3,64.28,Checking,767,False,False
CUST_1981,James Oconnor,23,2310.72,1902.09,2,49.99,Checking,715,True,False
CUST_1982,Stacey Snyder,18,1270.16,677.76,3,52.98,Checking,647,False,True
CUST_1983,Joshua Garcia,24,2613.8,1092.38,2,94.84,Checking,712,True,False
CUST_1984,Sean Curtis,44,1948.05,539.74,6,39.5,Savings,699,True,False
CUST_1985,Carla Jones,38,2920.76,50.0,4,38.64,Checking,824,False,False
CUST_1986,Elizabeth Flores,45,2334.22,731.9,2,47.33,Savings,647,True,True
CUST_1987,Angela Jackson,33,2596.95,693.76,1,66.43,Checking,692,True,False
CUST_1988,Nicholas Payne,63,1694.95,640.05,4,14.87,Savings,683,False,True
CUST_1989,Anna Wheeler,40,1940.45,754.14,4,5.69,Savings,582,True,True
CUST_1990,Karen Johnson,37,2027.57,905.71,2,33.26,Checking,709,False,True
CUST_1991,Carmen Preston,55,2904.47,739.95,6,12.32,Savings,811,False,False
CUST_1992,Brian Harris,42,3451.58,294.4,3,36.5,Savings,668,True,True
CUST_1993,Michael Bowen,45,1796.55,994.47,0,55.05,Premium,632,False,False
CUST_1994,Deborah Campbell,22,3051.23,50.0,3,27.19,Premium,736,False,False
CUST_1995,Anthony Armstrong,38,886.88,50.0,1,16.46,Savings,730,True,True
CUST_1996,Brittany Ward,35,1537.21,1095.67,2,46.39,Premium,731,True,False
CUST_1997,Edward Stanley,64,1694.15,1002.81,3,62.25,Savings,708,True,False
CUST_1998,Christina Johnson,23,1431.66,777.04,2,11.1,Checking,685,True,True
CUST_1999,Edgar Miller,46,1277.61,241.82,3,61.4,Savings,741,True,True
CUST_2000,Elizabeth Sanders,36,2608.67,516.84,3,61.35,Savings,675,True,True
